sku,store_view_code,attribute_set_code,product_type,categories,product_websites,name,description,short_description,weight,product_online,tax_class_name,visibility,price,special_price,special_price_from_date,special_price_to_date,url_key,meta_title,meta_keywords,meta_description,base_image,base_image_label,small_image,small_image_label,thumbnail_image,thumbnail_image_label,swatch_image,swatch_image_label,created_at,updated_at,new_from_date,new_to_date,display_product_options_in,map_price,msrp_price,map_enabled,gift_message_available,custom_design,custom_design_from,custom_design_to,custom_layout_update,page_layout,product_options_container,msrp_display_actual_price_type,country_of_manufacture,qty,out_of_stock_qty,use_config_min_qty,is_qty_decimal,allow_backorders,use_config_backorders,min_cart_qty,use_config_min_sale_qty,max_cart_qty,use_config_max_sale_qty,is_in_stock,notify_on_stock_below,use_config_notify_stock_qty,manage_stock,use_config_manage_stock,use_config_qty_increments,qty_increments,use_config_enable_qty_inc,enable_qty_increments,is_decimal_divided,website_id,related_skus,related_position,crosssell_skus,crosssell_position,upsell_skus,upsell_position,additional_images,additional_image_labels,hide_from_product_page,custom_options,additional_attributes,parent_sku,parent_url,advanced_is_featured,advanced_is_new,advanced_is_trending,brand,color,contenance,cost,custom_layout,custom_layout_update_file,end_date_in_stock,estimated_delivery,free_shipping_returns,gallery,hover,links_exist,links_purchased_separately,links_title,manufacturer,mp_gridview,nc_autonomie,nc_conditionnement,nc_couleur,nc_dimensions,nc_dosages_nicotine,nc_dosage_nicotine,nc_ean,nc_gamme,nc_marque,nc_pays,nc_puissance,nc_ratio_pgvg,nc_saveur,nc_tension_de_sortie,offre_semaine,only_display_product_page,price_type,price_view,product_sizechart,rating,redirect_to_configurable_product,samples_title,shipment_type,sku_type,url_path,weight_type,wee_tax_variations,bundle_price_type,bundle_sku_type,bundle_price_view,bundle_weight_type,bundle_values,bundle_shipment_type,associated_skus,configurable_variations,configurable_variation_labels,video_url,tier_prices,downloadable_links,downloadable_samples
#REF24-1,,Machines,configurable,Default Category/Produits désactivés;Default Category/Matériel,base,KIT Mini Spinner 2 VAPROS - Vision,"<style>#html-body [data-pb-style=E5IJN2F]{justify-content:flex-start;display:flex;flex-direction:column;background-position:left top;background-size:cover;background-repeat:no-repeat;background-attachment:scroll;margin-bottom:100px}#html-body [data-pb-style=TYJ3JBQ]{justify-content:flex-start;background-position:left top;margin-bottom:60px}#html-body [data-pb-style=E4YGEQD],#html-body [data-pb-style=TYJ3JBQ],#html-body [data-pb-style=U2JRJ7Y]{display:flex;flex-direction:column;background-size:cover;background-repeat:no-repeat;background-attachment:scroll}#html-body [data-pb-style=U2JRJ7Y]{justify-content:flex-start;background-position:left top;margin-bottom:100px}#html-body [data-pb-style=E4YGEQD]{justify-content:center;background-position:center center;min-height:450px;padding-top:100px;padding-bottom:100px}#html-body [data-pb-style=GUMX2V4],#html-body [data-pb-style=JEKQ7K2],#html-body [data-pb-style=TUJWSLC]{border-width:1px}#html-body [data-pb-style=NLXOP30]{text-align:center}#html-body [data-pb-style=M8N5Q3G]{border-width:1px;min-height:300px}#html-body [data-pb-style=R2XCEPX]{text-align:center}#html-body [data-pb-style=Q1C83Q1]{background-position:left top;background-size:cover;background-repeat:no-repeat;background-attachment:scroll;align-self:stretch}#html-body [data-pb-style=CO7DDF9],#html-body [data-pb-style=L15PQ9M],#html-body [data-pb-style=O887I6V]{justify-content:flex-start;display:flex;flex-direction:column;background-position:left top;background-size:cover;background-repeat:no-repeat;background-attachment:scroll}#html-body [data-pb-style=JO3QGUW]{display:inline-block}#html-body [data-pb-style=CA2Y1WS]{text-align:center}#html-body [data-pb-style=G1I0L64]{display:flex;width:100%}#html-body [data-pb-style=B0KTF6U],#html-body [data-pb-style=FMHWOWX],#html-body [data-pb-style=MSRNLXC]{margin-top:15px}#html-body [data-pb-style=LUV8U33],#html-body [data-pb-style=YA748QT]{justify-content:flex-start;display:flex;flex-direction:column;background-position:left top;background-size:cover;background-repeat:no-repeat;background-attachment:scroll;width:56.25%;align-self:stretch}#html-body [data-pb-style=YA748QT]{width:43.75%;align-self:center}#html-body [data-pb-style=YN08D8K]{margin-top:7px}#html-body [data-pb-style=HYDJKKP]{display:inline-block}#html-body [data-pb-style=WKW8TCH]{text-align:center}#html-body [data-pb-style=XAXQBQD]{margin-top:5px}@media only screen and (max-width: 1024px) { #html-body [data-pb-style=E5IJN2F]{display:flex;flex-direction:column;margin-bottom:70px}#html-body [data-pb-style=TYJ3JBQ]{display:flex;flex-direction:column;margin-bottom:45px}#html-body [data-pb-style=U2JRJ7Y]{display:flex;flex-direction:column;margin-bottom:70px}#html-body [data-pb-style=E4YGEQD]{display:flex;flex-direction:column;padding-top:70px;padding-bottom:70px} }@media only screen and (max-width: 768px) { #html-body [data-pb-style=E5IJN2F]{display:flex;flex-direction:column;margin-bottom:50px}#html-body [data-pb-style=TYJ3JBQ]{display:flex;flex-direction:column;margin-bottom:35px}#html-body [data-pb-style=U2JRJ7Y]{display:flex;flex-direction:column;margin-bottom:50px}#html-body [data-pb-style=E4YGEQD]{display:flex;flex-direction:column;min-height:300px;padding-top:50px;padding-bottom:50px}#html-body [data-pb-style=B0KTF6U],#html-body [data-pb-style=FMHWOWX],#html-body [data-pb-style=MSRNLXC]{margin-top:5px} }</style><div class=""container-fluid"" data-content-type=""row"" data-appearance=""full-width"" data-enable-parallax=""0"" data-parallax-speed=""0.5"" data-background-images=""{}"" data-background-type=""image"" data-video-loop=""true"" data-video-play-only-visible=""true"" data-video-lazy-load=""true"" data-video-fallback-src="""" data-element=""main"" data-pb-style=""E5IJN2F""><div class=""row-full-width-inner"" data-element=""inner""><div class=""aspect-ratio--1"" data-content-type=""category_thumbnail_image"" data-appearance=""grid"" data-element=""main"">{{widget type=""Blueskytechco\WidgetCategory\Block\Widget\CategoryThumbnail"" template=""Blueskytechco_WidgetCategory::widget/category_thumbnail/grid/default.phtml"" category_ids=""9,13,16,14,12"" title="""" short_description="""" template_id=""default_5"" image_hover_effects=""zoom"" space_between_item=""0"" type_name=""grid""}}</div></div></div><div class=""container-fluid"" data-content-type=""row"" data-appearance=""full-width"" data-enable-parallax=""0"" data-parallax-speed=""0.5"" data-background-images=""{}"" data-background-type=""image"" data-video-loop=""true"" data-video-play-only-visible=""true"" data-video-lazy-load=""true"" data-video-fallback-src="""" data-element=""main"" data-pb-style=""TYJ3JBQ""><div class=""row-full-width-inner"" data-element=""inner""><div class=""fs_36 tab-align-center"" data-content-type=""tabs"" data-appearance=""default"" data-active-tab=""0"" data-show-dropdown=""false"" data-element=""main""><div class=""tabs-container-title__com""><div class=""title-tabs__navigation""><ul role=""tablist"" class=""tabs-navigation"" data-element=""navigation"" data-pb-style=""NLXOP30""><li role=""tab"" class=""tab-header"" data-element=""headers"" data-pb-style=""JEKQ7K2""><a href=""#R223M51"" class=""tab-title""><span class=""tab-title"">New Arrivals</span></a></li><li role=""tab"" class=""tab-header"" data-element=""headers"" data-pb-style=""GUMX2V4""><a href=""#BK673HU"" class=""tab-title""><span class=""tab-title"">Best Sellers</span></a></li><li role=""tab"" class=""tab-header"" data-element=""headers"" data-pb-style=""TUJWSLC""><a href=""#CF1DDVO"" class=""tab-title""><span class=""tab-title"">On Sale</span></a></li></ul></div></div><div class=""tabs-content"" data-element=""content"" data-pb-style=""M8N5Q3G""><div data-content-type=""tab-item"" data-appearance=""default"" data-tab-name=""New Arrivals"" data-background-images=""{}"" data-element=""main"" id=""R223M51"" data-pb-style=""O887I6V""><div data-content-type=""product_advanced"" data-appearance=""grid"" data-element=""main"" data-pb-style=""MSRNLXC"">{{widget type=""Blueskytechco\ProductWidgetAdvanced\Block\Widget\ProductAdvanced"" template=""Blueskytechco_ProductWidgetAdvanced::widget/product_advanced/grid/default.phtml"" product_type=""random"" number_products=""10"" category_ids=""2"" title="""" short_description="""" template_id=""default"" space_between_item=""30"" type_name=""grid"" col_xxl=""15"" col_xl=""15"" col_lg=""3"" col_md=""4"" col_sm=""4"" col_xs=""6"" show_category=""false""}}</div></div><div data-content-type=""tab-item"" data-appearance=""default"" data-tab-name=""Best Sellers"" data-background-images=""{}"" data-element=""main"" id=""BK673HU"" data-pb-style=""CO7DDF9""><div data-content-type=""product_advanced"" data-appearance=""grid"" data-element=""main"" data-pb-style=""FMHWOWX"">{{widget type=""Blueskytechco\ProductWidgetAdvanced\Block\Widget\ProductAdvanced"" template=""Blueskytechco_ProductWidgetAdvanced::widget/product_advanced/grid/default.phtml"" product_type=""random"" number_products=""10"" category_ids=""2"" title="""" short_description="""" template_id=""default"" space_between_item=""30"" type_name=""grid"" col_xxl=""15"" col_xl=""15"" col_lg=""3"" col_md=""4"" col_sm=""6"" col_xs=""6"" show_category=""false""}}</div></div><div data-content-type=""tab-item"" data-appearance=""default"" data-tab-name=""On Sale"" data-background-images=""{}"" data-element=""main"" id=""CF1DDVO"" data-pb-style=""L15PQ9M""><div data-content-type=""product_advanced"" data-appearance=""grid"" data-element=""main"" data-pb-style=""B0KTF6U"">{{widget type=""Blueskytechco\ProductWidgetAdvanced\Block\Widget\ProductAdvanced"" template=""Blueskytechco_ProductWidgetAdvanced::widget/product_advanced/grid/default.phtml"" product_type=""random"" number_products=""10"" category_ids=""2"" title="""" short_description="""" template_id=""default"" space_between_item=""30"" type_name=""grid"" col_xxl=""15"" col_xl=""15"" col_lg=""3"" col_md=""4"" col_sm=""6"" col_xs=""6"" show_category=""false""}}</div></div></div></div></div></div><div class=""container-fluid"" data-content-type=""row"" data-appearance=""full-width"" data-enable-parallax=""0"" data-parallax-speed=""0.5"" data-background-images=""{}"" data-background-type=""image"" data-video-loop=""true"" data-video-play-only-visible=""true"" data-video-lazy-load=""true"" data-video-fallback-src="""" data-element=""main"" data-pb-style=""U2JRJ7Y""><div class=""row-full-width-inner"" data-element=""inner""><div data-content-type=""buttons"" data-appearance=""inline"" data-same-width=""false"" data-element=""main"" data-pb-style=""R2XCEPX""><div class=""btn__full-width--mb"" data-content-type=""button-item"" data-appearance=""default"" data-element=""main"" data-pb-style=""JO3QGUW""><a class=""pagebuilder-button-secondary"" href=""{{widget type='Magento\Catalog\Block\Category\Widget\Link' id_path='category/10' template='Magento_PageBuilder::widget/link_href.phtml' type_name='Catalog Category Link' }}"" target=""_self"" data-link-type=""category"" data-element=""link"" data-pb-style=""CA2Y1WS""><span data-element=""link_text"">Shop now</span></a></div></div></div></div><div class=""container-fluid has_bg_img"" data-content-type=""row"" data-appearance=""full-bleed"" data-enable-parallax=""0"" data-parallax-speed=""0.5"" data-background-images=""{\""desktop_image\"":\""{{media url=wysiwyg/h13_cta.jpeg}}\"",\""mobile_image\"":\""{{media url=wysiwyg/bg_h13-mb.jpg}}\""}"" data-background-type=""image"" data-video-loop=""true"" data-video-play-only-visible=""true"" data-video-lazy-load=""true"" data-video-fallback-src="""" data-element=""main"" data-pb-style=""E4YGEQD""><div class=""pagebuilder-column-group"" data-background-images=""{}"" data-content-type=""column-group"" data-appearance=""default"" data-grid-size=""12"" data-element=""main"" data-pb-style=""Q1C83Q1""><div class=""pagebuilder-column-line"" data-content-type=""column-line"" data-element=""main"" data-pb-style=""G1I0L64""><div class=""pagebuilder-column"" data-content-type=""column"" data-appearance=""full-height"" data-background-images=""{}"" data-element=""main"" data-pb-style=""LUV8U33""></div><div class=""pagebuilder-column"" data-content-type=""column"" data-appearance=""align-center"" data-background-images=""{}"" data-element=""main"" data-pb-style=""YA748QT""><div data-content-type=""text"" data-appearance=""default"" data-element=""main""><p><span style=""color: #000000;""><strong>New Arrivals</strong></span></p></div><h2 class=""fs_60"" data-content-type=""heading"" data-appearance=""default"" data-heading-mode=""default"" data-element=""main"" data-pb-style=""XAXQBQD"">Leather Slingbag</h2><div data-content-type=""buttons"" data-appearance=""inline"" data-same-width=""false"" data-element=""main"" data-pb-style=""YN08D8K""><div class=""btn_transparent"" data-content-type=""button-item"" data-appearance=""default"" data-element=""main"" data-pb-style=""HYDJKKP""><a class=""pagebuilder-button-secondary"" href=""{{widget type='Magento\Catalog\Block\Category\Widget\Link' id_path='category/10' template='Magento_PageBuilder::widget/link_href.phtml' type_name='Catalog Category Link' }}"" target=""_self"" data-link-type=""category"" data-element=""link"" data-pb-style=""WKW8TCH""><span data-element=""link_text"">Shop Now</span></a></div></div></div></div></div></div>","<p class=""p1"" style=""text-align:justify;""><span>Vapoteurs débutants et confirmés seront séduits par ce produit.</span></p>",0.000000,1,FR Taux standard (20%),"Catalog, Search",,10.080000,04/07/2024,,kit-mini-spinner-2-vapros-vision,KIT Mini Spinner 2 VAPROS - Vision,,,3/4/343_24.jpg,KIT Mini Spinner 2 VAPROS - Vision,3/4/343_24.jpg,KIT Mini Spinner 2 VAPROS - Vision,3/4/343_24.jpg,KIT Mini Spinner 2 VAPROS - Vision,,,04/02/2015 20:06,08/07/2024 10:12,,,Product Info Column,,,,No,,,,,,,Use config,,0.0000,0.0000,1,0,0,1,1.0000,1,10000.0000,1,1,1.0000,1,1,0,0,0.0000,1,0,0,0,,,,,,,"3/4/343_24.jpg,3/4/345_24_1.jpg,3/4/344_24_2.jpg",KIT Mini Spinner 2 VAPROS - Vision,,,"advanced_is_featured=No,advanced_is_new=Yes,advanced_is_trending=No,cost=18.900000,manufacturer=VISION,mp_gridview=Active,offre_semaine=No,only_display_product_page=No,url_path=kit-mini-spinner-2-vapros-vision",,,No,Yes,No,,,,18.900000,,,,,,,,,,,VISION,Active,,,,,,,,,,,,,,,No,No,,,,,,,,,kit-mini-spinner-2-vapros-vision,,,,,,,,,,"sku=#REF24-1-Marron-20ml,nc_couleur=Marron,contenance=20ml|sku=#REF24-1-Marron-50ml,nc_couleur=Marron,contenance=50ml|sku=#REF24-1-Blanc-10ml,nc_couleur=Blanc,contenance=10ml|sku=#REF24-1-Blanc-20ml,nc_couleur=Blanc,contenance=20ml|sku=#REF24-1-Blanc-50ml,nc_couleur=Blanc,contenance=50ml","nc_couleur=Couleur,contenance=Contenance",,,,
#REF24-3193-1,,Machines,simple,Default Category/Produits désactivés;Default Category/Matériel,base,KIT Mini Spinner 2 VAPROS - Vision - Bleu,,,0.000000,1,0,Not Visible Individually,10.900000,,,,kit-mini-spinner-2-vapros-vision-bleu,KIT Mini Spinner 2 VAPROS - Vision - Bleu,,,3/4/343_3193.jpg,KIT Mini Spinner 2 VAPROS - Vision,3/4/343_3193.jpg,KIT Mini Spinner 2 VAPROS - Vision,3/4/343_3193.jpg,KIT Mini Spinner 2 VAPROS - Vision,,,03/07/2024 10:08,08/07/2024 11:30,,,Product Info Column,,,,No,,,,,,,Use config,,1000.0000,0.0000,1,0,0,1,1.0000,1,10000.0000,1,1,1.0000,1,1,0,0,0.0000,1,0,0,0,,,,,,,3/4/343_3193.jpg,KIT Mini Spinner 2 VAPROS - Vision,,,"advanced_is_featured=No,advanced_is_new=No,advanced_is_trending=No,contenance=10ml,manufacturer=0,nc_couleur=Bleu,offre_semaine=No,only_display_product_page=No,redirect_to_configurable_product=No,url_path=kit-mini-spinner-2-vapros-vision-bleu",,,No,No,No,,,10ml,,,,,,,,,,,,VISION,,,,Bleu,,,,,,,,,,,,No,No,,,,,No,,,,kit-mini-spinner-2-vapros-vision-bleu,,,,,,,,,,,,,,,
#REF24-2666-1,,Machines,simple,Default Category/Produits désactivés;Default Category/Matériel,base,KIT Mini Spinner 2 VAPROS - Vision - Noir,,,0.000000,1,0,Not Visible Individually,10.900000,,,,kit-mini-spinner-2-vapros-vision-noir,KIT Mini Spinner 2 VAPROS - Vision - Noir,,,3/4/343_2666.jpg,KIT Mini Spinner 2 VAPROS - Vision,3/4/343_2666.jpg,KIT Mini Spinner 2 VAPROS - Vision,3/4/343_2666.jpg,,,,03/07/2024 10:08,03/07/2024 10:08,,,,,,,,,,,,,,,,1000.0000,0.0000,1,0,0,1,1.0000,1,10000.0000,1,1,1.0000,1,1,0,0,0.0000,1,0,0,0,,,,,,,3/4/343_2666.jpg,KIT Mini Spinner 2 VAPROS - Vision,,,"manufacturer=0,nc_couleur=Noir,url_path=kit-mini-spinner-2-vapros-vision-noir",,,,,,,,,,,,,,,,,,,,VISION,,,,Noir,,,,,,,,,,,,,,,,,,,,,,kit-mini-spinner-2-vapros-vision-noir,,,,,,,,,,,,,,,
#REF24-1675-1,,Machines,simple,Default Category/Produits désactivés;Default Category/Matériel,base,KIT Mini Spinner 2 VAPROS - Vision - Rouge,,,0.000000,1,0,Not Visible Individually,10.900000,,,,kit-mini-spinner-2-vapros-vision-rouge,KIT Mini Spinner 2 VAPROS - Vision - Rouge,,,3/4/343_1675.jpg,KIT Mini Spinner 2 VAPROS - Vision,3/4/343_1675.jpg,KIT Mini Spinner 2 VAPROS - Vision,3/4/343_1675.jpg,,,,03/07/2024 10:08,03/07/2024 10:08,,,,,,,,,,,,,,,,1000.0000,0.0000,1,0,0,1,1.0000,1,10000.0000,1,1,1.0000,1,1,0,0,0.0000,1,0,0,0,,,,,,,3/4/343_1675.jpg,KIT Mini Spinner 2 VAPROS - Vision,,,"manufacturer=0,nc_couleur=Rouge,url_path=kit-mini-spinner-2-vapros-vision-rouge",,,,,,,,,,,,,,,,,,,,VISION,,,,Rouge,,,,,,,,,,,,,,,,,,,,,,kit-mini-spinner-2-vapros-vision-rouge,,,,,,,,,,,,,,,
#REF24-3191-1,,Machines,simple,Default Category/Produits désactivés;Default Category/Matériel,base,KIT Mini Spinner 2 VAPROS - Vision - Acier,,,0.000000,1,0,Not Visible Individually,10.900000,,,,kit-mini-spinner-2-vapros-vision-acier,KIT Mini Spinner 2 VAPROS - Vision - Acier,,,3/4/343_3191.jpg,KIT Mini Spinner 2 VAPROS - Vision,3/4/343_3191.jpg,KIT Mini Spinner 2 VAPROS - Vision,3/4/343_3191.jpg,,,,03/07/2024 10:08,03/07/2024 10:08,,,,,,,,,,,,,,,,1000.0000,0.0000,1,0,0,1,1.0000,1,10000.0000,1,1,1.0000,1,1,0,0,0.0000,1,0,0,0,,,,,,,3/4/343_3191.jpg,KIT Mini Spinner 2 VAPROS - Vision,,,"manufacturer=0,nc_couleur=Acier,url_path=kit-mini-spinner-2-vapros-vision-acier",,,,,,,,,,,,,,,,,,,,VISION,,,,Acier,,,,,,,,,,,,,,,,,,,,,,kit-mini-spinner-2-vapros-vision-acier,,,,,,,,,,,,,,,
#REF24-1676-1,,Machines,simple,Default Category/Produits désactivés;Default Category/Matériel,base,KIT Mini Spinner 2 VAPROS - Vision - Marron,,,0.000000,1,0,Not Visible Individually,10.900000,,,,kit-mini-spinner-2-vapros-vision-marron,KIT Mini Spinner 2 VAPROS - Vision - Marron,,,3/4/343_1676.jpg,KIT Mini Spinner 2 VAPROS - Vision,3/4/343_1676.jpg,KIT Mini Spinner 2 VAPROS - Vision,3/4/343_1676.jpg,,,,03/07/2024 10:08,03/07/2024 10:08,,,,,,,,,,,,,,,,1000.0000,0.0000,1,0,0,1,1.0000,1,10000.0000,1,1,1.0000,1,1,0,0,0.0000,1,0,0,0,,,,,,,3/4/343_1676.jpg,KIT Mini Spinner 2 VAPROS - Vision,,,"manufacturer=0,nc_couleur=Marron,url_path=kit-mini-spinner-2-vapros-vision-marron",,,,,,,,,,,,,,,,,,,,VISION,,,,Marron,,,,,,,,,,,,,,,,,,,,,,kit-mini-spinner-2-vapros-vision-marron,,,,,,,,,,,,,,,
#REF24-3192-1,,Machines,simple,Default Category/Produits désactivés;Default Category/Matériel,base,KIT Mini Spinner 2 VAPROS - Vision - Blanc,,,0.000000,1,0,Not Visible Individually,10.900000,,,,kit-mini-spinner-2-vapros-vision-blanc,KIT Mini Spinner 2 VAPROS - Vision - Blanc,,,3/4/343_3192.jpg,KIT Mini Spinner 2 VAPROS - Vision,3/4/343_3192.jpg,KIT Mini Spinner 2 VAPROS - Vision,3/4/343_3192.jpg,,,,03/07/2024 10:08,03/07/2024 10:08,,,,,,,,,,,,,,,,1000.0000,0.0000,1,0,0,1,1.0000,1,10000.0000,1,1,1.0000,1,1,0,0,0.0000,1,0,0,0,,,,,,,3/4/343_3192.jpg,KIT Mini Spinner 2 VAPROS - Vision,,,"manufacturer=0,nc_couleur=Blanc,url_path=kit-mini-spinner-2-vapros-vision-blanc",,,,,,,,,,,,,,,,,,,,VISION,,,,Blanc,,,,,,,,,,,,,,,,,,,,,,kit-mini-spinner-2-vapros-vision-blanc,,,,,,,,,,,,,,,
#REF28-1,,Machines,configurable,Default Category/Produits désactivés,base,Batterie Mini Spinner 2 Regular - 850 MA,"<div><strong>Caractéristiques :</strong></div>
<ul><li>Longueur totale : 104,5 mm</li>
<li>Diamètre : 16,5 mm</li>
<li>Poids: 61,8g</li>
<li>Temps de charge: 3h00 (compatible avec votre chargeur eGo)</li>
<li>Fabricant: Vision</li>
</ul>","<p class=""p1"">La batterie Mini Spinner 2 Regular est la version classique de la mini spinner 2 sans les voltages, en conservant son autonomie importante.</p>",0.000000,1,FR Taux standard (20%),"Catalog, Search",7.900000,7.268000,,,batterie-mini-spinner-2-regular-850ma,Batterie Mini Spinner 2 Regular - 850 MA,,,4/6/46_28.jpg,Batterie Mini Spinner 2 Regular 850mA,4/6/46_28.jpg,Batterie Mini Spinner 2 Regular 850mA,4/6/46_28.jpg,,,,04/02/2015 21:45,08/07/2024 10:12,,,,,,,,,,,,,,,,0.0000,0.0000,1,0,0,1,1.0000,1,10000.0000,1,1,1.0000,1,1,0,0,0.0000,1,0,0,0,,,,,,,4/6/46_28.jpg,Batterie Mini Spinner 2 Regular 850mA,,,"advanced_is_new=Yes,cost=4.990000,manufacturer=VISION,url_path=batterie-mini-spinner-2-regular-850-ma",,,,Yes,,,,,4.990000,,,,,,,,,,,VISION,,,,,,,,,,,,,,,,,,,,,,,,,,batterie-mini-spinner-2-regular-850-ma,,,,,,,,,,"sku=#REF28-34-1,nc_couleur=Bleu|sku=#REF28-33-1,nc_couleur=Noir|sku=#REF28-35-1,nc_couleur=Rouge|sku=#REF28-36-1,nc_couleur=Acier|sku=#REF28-37-1,nc_couleur=Blanc",nc_couleur=Couleur,,,,
#REF28-34-1,,Machines,simple,Default Category/Produits désactivés,base,Batterie Mini Spinner 2 Regular - 850 MA - Bleu,,,0.000000,1,0,Not Visible Individually,7.900000,,,,batterie-mini-spinner-2-regular-850-ma-bleu,Batterie Mini Spinner 2 Regular - 850 MA - Bleu,,,4/6/46_34.jpg,Batterie Mini Spinner 2 Regular 850mA,4/6/46_34.jpg,Batterie Mini Spinner 2 Regular 850mA,4/6/46_34.jpg,,,,03/07/2024 10:08,03/07/2024 10:08,,,,,,,,,,,,,,,,1000.0000,0.0000,1,0,0,1,1.0000,1,10000.0000,1,1,1.0000,1,1,0,0,0.0000,1,0,0,0,,,,,,,4/6/46_34.jpg,Batterie Mini Spinner 2 Regular 850mA,,,"manufacturer=0,nc_couleur=Bleu,url_path=batterie-mini-spinner-2-regular-850-ma-bleu","#REF28-1,#REF28-1","batterie-mini-spinner-2-regular-850ma,batterie-mini-spinner-2-regular-850ma",,,,,,,,,,,,,,,,,,VISION,,,,Bleu,,,,,,,,,,,,,,,,,,,,,,batterie-mini-spinner-2-regular-850-ma-bleu,,,,,,,,,,,,,,,
#REF28-33-1,,Machines,simple,Default Category/Produits désactivés,base,Batterie Mini Spinner 2 Regular - 850 MA - Noir,,,0.000000,1,0,Not Visible Individually,7.900000,,,,batterie-mini-spinner-2-regular-850-ma-noir,Batterie Mini Spinner 2 Regular - 850 MA - Noir,,,4/6/46_33.jpg,Batterie Mini Spinner 2 Regular 850mA,4/6/46_33.jpg,Batterie Mini Spinner 2 Regular 850mA,4/6/46_33.jpg,,,,03/07/2024 10:08,03/07/2024 10:08,,,,,,,,,,,,,,,,1000.0000,0.0000,1,0,0,1,1.0000,1,10000.0000,1,1,1.0000,1,1,0,0,0.0000,1,0,0,0,,,,,,,4/6/46_33.jpg,Batterie Mini Spinner 2 Regular 850mA,,,"manufacturer=0,nc_couleur=Noir,url_path=batterie-mini-spinner-2-regular-850-ma-noir","#REF28-1,#REF28-1","batterie-mini-spinner-2-regular-850ma,batterie-mini-spinner-2-regular-850ma",,,,,,,,,,,,,,,,,,VISION,,,,Noir,,,,,,,,,,,,,,,,,,,,,,batterie-mini-spinner-2-regular-850-ma-noir,,,,,,,,,,,,,,,
#REF28-35-1,,Machines,simple,Default Category/Produits désactivés,base,Batterie Mini Spinner 2 Regular - 850 MA - Rouge,,,0.000000,1,0,Not Visible Individually,7.900000,,,,batterie-mini-spinner-2-regular-850-ma-rouge,Batterie Mini Spinner 2 Regular - 850 MA - Rouge,,,4/6/46_35.jpg,Batterie Mini Spinner 2 Regular 850mA,4/6/46_35.jpg,Batterie Mini Spinner 2 Regular 850mA,4/6/46_35.jpg,,,,03/07/2024 10:08,03/07/2024 10:08,,,,,,,,,,,,,,,,1000.0000,0.0000,1,0,0,1,1.0000,1,10000.0000,1,1,1.0000,1,1,0,0,0.0000,1,0,0,0,,,,,,,4/6/46_35.jpg,Batterie Mini Spinner 2 Regular 850mA,,,"manufacturer=0,nc_couleur=Rouge,url_path=batterie-mini-spinner-2-regular-850-ma-rouge","#REF28-1,#REF28-1","batterie-mini-spinner-2-regular-850ma,batterie-mini-spinner-2-regular-850ma",,,,,,,,,,,,,,,,,,VISION,,,,Rouge,,,,,,,,,,,,,,,,,,,,,,batterie-mini-spinner-2-regular-850-ma-rouge,,,,,,,,,,,,,,,
#REF28-36-1,,Machines,simple,Default Category/Produits désactivés,base,Batterie Mini Spinner 2 Regular - 850 MA - Acier,,,0.000000,1,0,Not Visible Individually,7.900000,,,,batterie-mini-spinner-2-regular-850-ma-acier,Batterie Mini Spinner 2 Regular - 850 MA - Acier,,,4/6/46_36.jpg,Batterie Mini Spinner 2 Regular 850mA,4/6/46_36.jpg,Batterie Mini Spinner 2 Regular 850mA,4/6/46_36.jpg,,,,03/07/2024 10:08,03/07/2024 10:08,,,,,,,,,,,,,,,,1000.0000,0.0000,1,0,0,1,1.0000,1,10000.0000,1,1,1.0000,1,1,0,0,0.0000,1,0,0,0,,,,,,,4/6/46_36.jpg,Batterie Mini Spinner 2 Regular 850mA,,,"manufacturer=0,nc_couleur=Acier,url_path=batterie-mini-spinner-2-regular-850-ma-acier","#REF28-1,#REF28-1","batterie-mini-spinner-2-regular-850ma,batterie-mini-spinner-2-regular-850ma",,,,,,,,,,,,,,,,,,VISION,,,,Acier,,,,,,,,,,,,,,,,,,,,,,batterie-mini-spinner-2-regular-850-ma-acier,,,,,,,,,,,,,,,
#REF28-37-1,,Machines,simple,Default Category/Produits désactivés,base,Batterie Mini Spinner 2 Regular - 850 MA - Blanc,,,0.000000,1,0,Not Visible Individually,7.900000,,,,batterie-mini-spinner-2-regular-850-ma-blanc,Batterie Mini Spinner 2 Regular - 850 MA - Blanc,,,4/6/46_37.jpg,Batterie Mini Spinner 2 Regular 850mA,4/6/46_37.jpg,Batterie Mini Spinner 2 Regular 850mA,4/6/46_37.jpg,,,,03/07/2024 10:08,03/07/2024 10:08,,,,,,,,,,,,,,,,1000.0000,0.0000,1,0,0,1,1.0000,1,10000.0000,1,1,1.0000,1,1,0,0,0.0000,1,0,0,0,,,,,,,4/6/46_37.jpg,Batterie Mini Spinner 2 Regular 850mA,,,"manufacturer=0,nc_couleur=Blanc,url_path=batterie-mini-spinner-2-regular-850-ma-blanc","#REF28-1,#REF28-1","batterie-mini-spinner-2-regular-850ma,batterie-mini-spinner-2-regular-850ma",,,,,,,,,,,,,,,,,,VISION,,,,Blanc,,,,,,,,,,,,,,,,,,,,,,batterie-mini-spinner-2-regular-850-ma-blanc,,,,,,,,,,,,,,,
#REF29-1,,Machines,configurable,Default Category/Produits désactivés,base,Batterie Spinner 2 variable V2 1650mAh - Vision,"<div><strong>Caractéristiques :</strong></div>
<ul><li>Longueur totale : 124,5 mm</li>
<li>Diamètre : 16,5 mm</li>
<li>Poids: 61,8g</li>
<li>Voltage variable : 3.3V à 4.8V</li>
<li>Temps de charge: 5h30 (compatible avec votre chargeur eGo)</li>
<li>Fabricant: Vision</li>
</ul>","<p class=""p1"">La batterie Spinner 2 dispose d'un voltage variable de 3.3 à 4.8 volt et d'une capacité de 1650 mA. L'autonomie importante de cette Spinner 2 est l'un de ces atoûts</p>",0.000000,1,FR Taux standard (20%),"Catalog, Search",10.900000,10.028000,,,batterie-spinner-i-v2,Batterie Spinner 2 variable V2 1650mAh de chez Vision - LCA,,Batterie Spinner 2 variable V2 1650mAh de chez Vision - LCA,1/2/1287_29.jpg,Batterie Spinner I v2,1/2/1287_29.jpg,Batterie Spinner I v2,1/2/1287_29.jpg,,,,04/02/2015 21:49,08/07/2024 10:12,,,,,,,,,,,,,,,,0.0000,0.0000,1,0,0,1,1.0000,1,10000.0000,1,1,1.0000,1,1,0,0,0.0000,1,0,0,0,,,,,,,1/2/1287_29.jpg,Batterie Spinner I v2,,,"advanced_is_new=Yes,cost=10.180000,manufacturer=VISION,offre_semaine=No,url_path=batterie-spinner-2-variable-v2-1650mah-vision",,,,Yes,,,,,10.180000,,,,,,,,,,,VISION,,,,,,,,,,,,,,,,No,,,,,,,,,,batterie-spinner-2-variable-v2-1650mah-vision,,,,,,,,,,"sku=#REF29-39-1,nc_couleur=Bleu|sku=#REF29-41-1,nc_couleur=Noir|sku=#REF29-42-1,nc_couleur=Violet|sku=#REF29-43-1,nc_couleur=Rouge|sku=#REF29-44-1,nc_couleur=Acier|sku=#REF29-45-1,nc_couleur=Gold|sku=#REF29-6949-1,nc_couleur=Blanc|sku=#REF29-38-1,nc_couleur=Rainbow|sku=#REF29-6945-1,nc_couleur=Green|sku=#REF29-6946-1,nc_couleur=Pink",nc_couleur=Couleur,,,,
#REF29-39-1,,Machines,simple,Default Category/Produits désactivés,base,Batterie Spinner 2 variable V2 1650mAh - Vision - Bleu,,,78.000000,1,0,Not Visible Individually,10.900000,,,,batterie-spinner-2-variable-v2-1650mah-vision-bleu,Batterie Spinner 2 variable V2 1650mAh - Vision - Bleu,,,1/2/1287_6574.jpg,Batterie Spinner I v2,1/2/1287_6574.jpg,Batterie Spinner I v2,1/2/1287_6574.jpg,,,,03/07/2024 10:08,03/07/2024 10:08,,,,,,,,,,,,,,,,1000.0000,0.0000,1,0,0,1,1.0000,1,10000.0000,1,1,1.0000,1,1,0,0,0.0000,1,0,0,0,,,,,,,1/2/1287_6574.jpg,Batterie Spinner I v2,,,"manufacturer=0,nc_couleur=Bleu,url_path=batterie-spinner-2-variable-v2-1650mah-vision-bleu","#REF29-1,#REF29-1","batterie-spinner-i-v2,batterie-spinner-i-v2",,,,,,,,,,,,,,,,,,VISION,,,,Bleu,,,,,,,,,,,,,,,,,,,,,,batterie-spinner-2-variable-v2-1650mah-vision-bleu,,,,,,,,,,,,,,,
#REF29-41-1,,Machines,simple,Default Category/Produits désactivés,base,Batterie Spinner 2 variable V2 1650mAh - Vision - Noir,,,78.000000,1,0,Not Visible Individually,10.900000,,,,batterie-spinner-2-variable-v2-1650mah-vision-noir,Batterie Spinner 2 variable V2 1650mAh - Vision - Noir,,,1/2/1287_41.jpg,Batterie Spinner I v2,1/2/1287_41.jpg,Batterie Spinner I v2,1/2/1287_41.jpg,,,,03/07/2024 10:08,03/07/2024 10:08,,,,,,,,,,,,,,,,1000.0000,0.0000,1,0,0,1,1.0000,1,10000.0000,1,1,1.0000,1,1,0,0,0.0000,1,0,0,0,,,,,,,1/2/1287_41.jpg,Batterie Spinner I v2,,,"manufacturer=0,nc_couleur=Noir,url_path=batterie-spinner-2-variable-v2-1650mah-vision-noir","#REF29-1,#REF29-1","batterie-spinner-i-v2,batterie-spinner-i-v2",,,,,,,,,,,,,,,,,,VISION,,,,Noir,,,,,,,,,,,,,,,,,,,,,,batterie-spinner-2-variable-v2-1650mah-vision-noir,,,,,,,,,,,,,,,
#REF29-42-1,,Machines,simple,Default Category/Produits désactivés,base,Batterie Spinner 2 variable V2 1650mAh - Vision - Violet,,,78.000000,1,0,Not Visible Individually,10.900000,,,,batterie-spinner-2-variable-v2-1650mah-vision-violet,Batterie Spinner 2 variable V2 1650mAh - Vision - Violet,,,1/2/1287_7210.jpg,Batterie Spinner I v2,1/2/1287_7210.jpg,Batterie Spinner I v2,1/2/1287_7210.jpg,,,,03/07/2024 10:08,03/07/2024 10:08,,,,,,,,,,,,,,,,1000.0000,0.0000,1,0,0,1,1.0000,1,10000.0000,1,1,1.0000,1,1,0,0,0.0000,1,0,0,0,,,,,,,1/2/1287_7210.jpg,Batterie Spinner I v2,,,"manufacturer=0,nc_couleur=Violet,url_path=batterie-spinner-2-variable-v2-1650mah-vision-violet","#REF29-1,#REF29-1","batterie-spinner-i-v2,batterie-spinner-i-v2",,,,,,,,,,,,,,,,,,VISION,,,,Violet,,,,,,,,,,,,,,,,,,,,,,batterie-spinner-2-variable-v2-1650mah-vision-violet,,,,,,,,,,,,,,,
#REF29-43-1,,Machines,simple,Default Category/Produits désactivés,base,Batterie Spinner 2 variable V2 1650mAh - Vision - Rouge,,,78.000000,1,0,Not Visible Individually,10.900000,,,,batterie-spinner-2-variable-v2-1650mah-vision-rouge,Batterie Spinner 2 variable V2 1650mAh - Vision - Rouge,,,1/2/1287_43.jpg,Batterie Spinner I v2,1/2/1287_43.jpg,Batterie Spinner I v2,1/2/1287_43.jpg,,,,03/07/2024 10:08,03/07/2024 10:08,,,,,,,,,,,,,,,,1000.0000,0.0000,1,0,0,1,1.0000,1,10000.0000,1,1,1.0000,1,1,0,0,0.0000,1,0,0,0,,,,,,,1/2/1287_43.jpg,Batterie Spinner I v2,,,"manufacturer=0,nc_couleur=Rouge,url_path=batterie-spinner-2-variable-v2-1650mah-vision-rouge","#REF29-1,#REF29-1","batterie-spinner-i-v2,batterie-spinner-i-v2",,,,,,,,,,,,,,,,,,VISION,,,,Rouge,,,,,,,,,,,,,,,,,,,,,,batterie-spinner-2-variable-v2-1650mah-vision-rouge,,,,,,,,,,,,,,,
#REF29-44-1,,Machines,simple,Default Category/Produits désactivés,base,Batterie Spinner 2 variable V2 1650mAh - Vision - Acier,,,78.000000,1,0,Not Visible Individually,10.900000,9.700000,,,batterie-spinner-2-variable-v2-1650mah-vision-acier,Batterie Spinner 2 variable V2 1650mAh - Vision - Acier,,,1/2/1287_44.jpg,Batterie Spinner I v2,1/2/1287_44.jpg,Batterie Spinner I v2,1/2/1287_44.jpg,,,,03/07/2024 10:08,03/07/2024 10:08,,,,,,,,,,,,,,,,1000.0000,0.0000,1,0,0,1,1.0000,1,10000.0000,1,1,1.0000,1,1,0,0,0.0000,1,0,0,0,,,,,,,1/2/1287_44.jpg,Batterie Spinner I v2,,,"manufacturer=0,nc_couleur=Acier,url_path=batterie-spinner-2-variable-v2-1650mah-vision-acier","#REF29-1,#REF29-1","batterie-spinner-i-v2,batterie-spinner-i-v2",,,,,,,,,,,,,,,,,,VISION,,,,Acier,,,,,,,,,,,,,,,,,,,,,,batterie-spinner-2-variable-v2-1650mah-vision-acier,,,,,,,,,,,,,,,
#REF29-45-1,,Machines,simple,Default Category/Produits désactivés,base,Batterie Spinner 2 variable V2 1650mAh - Vision - Gold,,,0.000000,1,0,Not Visible Individually,10.900000,,,,batterie-spinner-2-variable-v2-1650mah-vision-gold,Batterie Spinner 2 variable V2 1650mAh - Vision - Gold,,,1/2/1287_45.jpg,Batterie Spinner I v2,1/2/1287_45.jpg,Batterie Spinner I v2,1/2/1287_45.jpg,,,,03/07/2024 10:08,03/07/2024 10:08,,,,,,,,,,,,,,,,1000.0000,0.0000,1,0,0,1,1.0000,1,10000.0000,1,1,1.0000,1,1,0,0,0.0000,1,0,0,0,,,,,,,1/2/1287_45.jpg,Batterie Spinner I v2,,,"manufacturer=0,nc_couleur=Gold,url_path=batterie-spinner-2-variable-v2-1650mah-vision-gold","#REF29-1,#REF29-1","batterie-spinner-i-v2,batterie-spinner-i-v2",,,,,,,,,,,,,,,,,,VISION,,,,Gold,,,,,,,,,,,,,,,,,,,,,,batterie-spinner-2-variable-v2-1650mah-vision-gold,,,,,,,,,,,,,,,
#REF29-6949-1,,Machines,simple,Default Category/Produits désactivés,base,Batterie Spinner 2 variable V2 1650mAh - Vision - Blanc,,,0.000000,1,0,Not Visible Individually,10.900000,,,,batterie-spinner-2-variable-v2-1650mah-vision-blanc,Batterie Spinner 2 variable V2 1650mAh - Vision - Blanc,,,1/2/1287_6949.jpg,Batterie Spinner I v2,1/2/1287_6949.jpg,Batterie Spinner I v2,1/2/1287_6949.jpg,,,,03/07/2024 10:08,03/07/2024 10:08,,,,,,,,,,,,,,,,1000.0000,0.0000,1,0,0,1,1.0000,1,10000.0000,1,1,1.0000,1,1,0,0,0.0000,1,0,0,0,,,,,,,1/2/1287_6949.jpg,Batterie Spinner I v2,,,"manufacturer=0,nc_couleur=Blanc,url_path=batterie-spinner-2-variable-v2-1650mah-vision-blanc","#REF29-1,#REF29-1","batterie-spinner-i-v2,batterie-spinner-i-v2",,,,,,,,,,,,,,,,,,VISION,,,,Blanc,,,,,,,,,,,,,,,,,,,,,,batterie-spinner-2-variable-v2-1650mah-vision-blanc,,,,,,,,,,,,,,,
#REF29-38-1,,Machines,simple,Default Category/Produits désactivés,base,Batterie Spinner 2 variable V2 1650mAh - Vision - Rainbow,,,0.000000,1,0,Not Visible Individually,10.900000,,,,batterie-spinner-2-variable-v2-1650mah-vision-rainbow,Batterie Spinner 2 variable V2 1650mAh - Vision - Rainbow,,,1/2/1287_38.jpg,Batterie Spinner I v2,1/2/1287_38.jpg,Batterie Spinner I v2,1/2/1287_38.jpg,,,,03/07/2024 10:08,03/07/2024 10:08,,,,,,,,,,,,,,,,1000.0000,0.0000,1,0,0,1,1.0000,1,10000.0000,1,1,1.0000,1,1,0,0,0.0000,1,0,0,0,,,,,,,"1/2/1287_38.jpg,2/8/28_nc_couleur.jpg",Batterie Spinner I v2,,,"manufacturer=0,nc_couleur=Rainbow,url_path=batterie-spinner-2-variable-v2-1650mah-vision-rainbow","#REF29-1,#REF29-1","batterie-spinner-i-v2,batterie-spinner-i-v2",,,,,,,,,,,,,,,,,,VISION,,,,Rainbow,,,,,,,,,,,,,,,,,,,,,,batterie-spinner-2-variable-v2-1650mah-vision-rainbow,,,,,,,,,,,,,,,
#REF29-6945-1,,Machines,simple,Default Category/Produits désactivés,base,Batterie Spinner 2 variable V2 1650mAh - Vision - Green,,,78.000000,1,0,Not Visible Individually,10.900000,,,,batterie-spinner-2-variable-v2-1650mah-vision-green,Batterie Spinner 2 variable V2 1650mAh - Vision - Green,,,1/2/1287_6945.jpg,Batterie Spinner I v2,1/2/1287_6945.jpg,Batterie Spinner I v2,1/2/1287_6945.jpg,,,,03/07/2024 10:08,03/07/2024 10:08,,,,,,,,,,,,,,,,1000.0000,0.0000,1,0,0,1,1.0000,1,10000.0000,1,1,1.0000,1,1,0,0,0.0000,1,0,0,0,,,,,,,1/2/1287_6945.jpg,Batterie Spinner I v2,,,"manufacturer=0,nc_couleur=Green,url_path=batterie-spinner-2-variable-v2-1650mah-vision-green","#REF29-1,#REF29-1","batterie-spinner-i-v2,batterie-spinner-i-v2",,,,,,,,,,,,,,,,,,VISION,,,,Green,,,,,,,,,,,,,,,,,,,,,,batterie-spinner-2-variable-v2-1650mah-vision-green,,,,,,,,,,,,,,,
#REF29-6946-1,,Machines,simple,Default Category/Produits désactivés,base,Batterie Spinner 2 variable V2 1650mAh - Vision - Pink,,,78.000000,1,0,Not Visible Individually,10.900000,,,,batterie-spinner-2-variable-v2-1650mah-vision-pink,Batterie Spinner 2 variable V2 1650mAh - Vision - Pink,,,1/2/1287_6946.jpg,Batterie Spinner I v2,1/2/1287_6946.jpg,Batterie Spinner I v2,1/2/1287_6946.jpg,,,,03/07/2024 10:08,03/07/2024 10:08,,,,,,,,,,,,,,,,1000.0000,0.0000,1,0,0,1,1.0000,1,10000.0000,1,1,1.0000,1,1,0,0,0.0000,1,0,0,0,,,,,,,1/2/1287_6946.jpg,Batterie Spinner I v2,,,"manufacturer=0,nc_couleur=Pink,url_path=batterie-spinner-2-variable-v2-1650mah-vision-pink","#REF29-1,#REF29-1","batterie-spinner-i-v2,batterie-spinner-i-v2",,,,,,,,,,,,,,,,,,VISION,,,,Pink,,,,,,,,,,,,,,,,,,,,,,batterie-spinner-2-variable-v2-1650mah-vision-pink,,,,,,,,,,,,,,,
#REF31-1,,Machines,configurable,Default Category/Produits désactivés,base,Batterie X Fir E-Gear 1300 MA - Vision,"<p style=""text-align:justify;"">L’écran Oled situé sur le bas, vous indique en un coup d’œil, le voltage sélectionné et le niveau de charge de votre batterie. Elle se charge via un câble USB ou bien sur secteur.<br />La X Fir E-Gear de Vision est compatible avec tous les atomiseurs ou clearo 510 et eGo.<br />Vision a voulu une batterie sûre, dotée d’une protection contre les courts-circuits et les inversions de polarité et d’un avertissement basse tension. Disponible en plusieurs couleurs pour plus de fun et d’originalité : métal, bleu, noir, marron, doré.<br />Vendue à l’unité dans un étui protecteur en acier, sans chargeur.</p>
<p style=""text-align:justify;""><strong><span style=""text-decoration:underline;"">Caractéristiques techniques :</span></strong></p>
<ul style=""text-align:justify;"">
<li>Acier inoxydable</li>
<li>Voltage variable : 3.0 V à 5.0 V</li>
<li>Switch lumineux</li>
<li>Bague rotative au niveau du switch pour varier le voltage</li>
<li>Ecran OLED</li>
<li>Pas de vis eGo / 510</li>
<li>Protection anti court-circuit</li>
<li>Fabricant : Vision</li>
</ul>","<p style=""text-align:justify;"">X Fir E-Gear est une batterie à tension variable, de 3.0 V à 5.0 V par incrément de 0.1, grâce à son switch lumineux et rotatif, avec une très bonne autonomie, 1300 mAh idéale pour les gros vapoteurs.<br />L’écran Oled situé sur le bas, vous indique en un coup d’œil, le voltage sélectionné et le niveau de charge de votre batterie. Elle se charge via un câble USB ou bien sur secteur.<br /><br /></p>
<p style=""text-align:justify;""> </p>",0.000000,1,FR Taux standard (20%),"Catalog, Search",8.500000,7.862500,,,batterie-x-fir-e-gear-1300ma,Batterie X Fir E-Gear 1300 MA - Vision,,,5/0/50_31.jpg,Batterie X Fir E-Gear 1300mA,5/0/50_31.jpg,Batterie X Fir E-Gear 1300mA,5/0/50_31.jpg,,,,04/02/2015 22:01,08/07/2024 10:12,,,,,,,,,,,,,,,,0.0000,0.0000,1,0,0,1,1.0000,1,10000.0000,1,1,1.0000,1,1,0,0,0.0000,1,0,0,0,,,,,,,"5/0/50_31.jpg,5/2/52_31_1.jpg,5/1/51_31_2.jpg",Batterie X Fir E-Gear 1300mA,,,"advanced_is_new=Yes,cost=13.000000,manufacturer=VISION,url_path=batterie-x-fir-e-gear-1300-ma-vision",,,,Yes,,,,,13.000000,,,,,,,,,,,VISION,,,,,,,,,,,,,,,,,,,,,,,,,,batterie-x-fir-e-gear-1300-ma-vision,,,,,,,,,,"sku=#REF31-53-1,nc_couleur=Flat Blue|sku=#REF31-54-1,nc_couleur=Bleu|sku=#REF31-55-1,nc_couleur=Noir|sku=#REF31-4701-1,nc_couleur=Marron|sku=#REF31-57-1,nc_couleur=Gold",nc_couleur=Couleur,,,,
#REF31-53-1,,Machines,simple,Default Category/Produits désactivés,base,Batterie X Fir E-Gear 1300 MA - Vision - Flat Blue,,,0.000000,1,0,Not Visible Individually,8.500000,,,,batterie-x-fir-e-gear-1300-ma-vision-flat-blue,Batterie X Fir E-Gear 1300 MA - Vision - Flat Blue,,,5/0/50_53.jpg,Batterie X Fir E-Gear 1300mA,5/0/50_53.jpg,Batterie X Fir E-Gear 1300mA,5/0/50_53.jpg,,,,03/07/2024 10:08,03/07/2024 10:08,,,,,,,,,,,,,,,,1000.0000,0.0000,1,0,0,1,1.0000,1,10000.0000,1,1,1.0000,1,1,0,0,0.0000,1,0,0,0,,,,,,,5/0/50_53.jpg,Batterie X Fir E-Gear 1300mA,,,"manufacturer=0,nc_couleur=Flat Blue,url_path=batterie-x-fir-e-gear-1300-ma-vision-flat-blue","#REF31-1,#REF31-1","batterie-x-fir-e-gear-1300ma,batterie-x-fir-e-gear-1300ma",,,,,,,,,,,,,,,,,,VISION,,,,Flat Blue,,,,,,,,,,,,,,,,,,,,,,batterie-x-fir-e-gear-1300-ma-vision-flat-blue,,,,,,,,,,,,,,,
#REF31-54-1,,Machines,simple,Default Category/Produits désactivés,base,Batterie X Fir E-Gear 1300 MA - Vision - Bleu,,,0.000000,1,0,Not Visible Individually,8.500000,,,,batterie-x-fir-e-gear-1300-ma-vision-bleu,Batterie X Fir E-Gear 1300 MA - Vision - Bleu,,,5/0/50_54.jpg,Batterie X Fir E-Gear 1300mA,5/0/50_54.jpg,Batterie X Fir E-Gear 1300mA,5/0/50_54.jpg,,,,03/07/2024 10:08,03/07/2024 10:08,,,,,,,,,,,,,,,,1000.0000,0.0000,1,0,0,1,1.0000,1,10000.0000,1,1,1.0000,1,1,0,0,0.0000,1,0,0,0,,,,,,,5/0/50_54.jpg,Batterie X Fir E-Gear 1300mA,,,"manufacturer=0,nc_couleur=Bleu,url_path=batterie-x-fir-e-gear-1300-ma-vision-bleu","#REF31-1,#REF31-1","batterie-x-fir-e-gear-1300ma,batterie-x-fir-e-gear-1300ma",,,,,,,,,,,,,,,,,,VISION,,,,Bleu,,,,,,,,,,,,,,,,,,,,,,batterie-x-fir-e-gear-1300-ma-vision-bleu,,,,,,,,,,,,,,,
#REF31-55-1,,Machines,simple,Default Category/Produits désactivés,base,Batterie X Fir E-Gear 1300 MA - Vision - Noir,,,0.000000,1,0,Not Visible Individually,8.500000,,,,batterie-x-fir-e-gear-1300-ma-vision-noir,Batterie X Fir E-Gear 1300 MA - Vision - Noir,,,5/0/50_55.jpg,Batterie X Fir E-Gear 1300mA,5/0/50_55.jpg,Batterie X Fir E-Gear 1300mA,5/0/50_55.jpg,,,,03/07/2024 10:08,03/07/2024 10:08,,,,,,,,,,,,,,,,1000.0000,0.0000,1,0,0,1,1.0000,1,10000.0000,1,1,1.0000,1,1,0,0,0.0000,1,0,0,0,,,,,,,5/0/50_55.jpg,Batterie X Fir E-Gear 1300mA,,,"manufacturer=0,nc_couleur=Noir,url_path=batterie-x-fir-e-gear-1300-ma-vision-noir","#REF31-1,#REF31-1","batterie-x-fir-e-gear-1300ma,batterie-x-fir-e-gear-1300ma",,,,,,,,,,,,,,,,,,VISION,,,,Noir,,,,,,,,,,,,,,,,,,,,,,batterie-x-fir-e-gear-1300-ma-vision-noir,,,,,,,,,,,,,,,
#REF31-4701-1,,Machines,simple,Default Category/Produits désactivés,base,Batterie X Fir E-Gear 1300 MA - Vision - Marron,,,0.000000,1,0,Not Visible Individually,8.500000,,,,batterie-x-fir-e-gear-1300-ma-vision-marron,Batterie X Fir E-Gear 1300 MA - Vision - Marron,,,5/0/50_4701.jpg,Batterie X Fir E-Gear 1300mA,5/0/50_4701.jpg,Batterie X Fir E-Gear 1300mA,5/0/50_4701.jpg,,,,03/07/2024 10:08,03/07/2024 10:08,,,,,,,,,,,,,,,,1000.0000,0.0000,1,0,0,1,1.0000,1,10000.0000,1,1,1.0000,1,1,0,0,0.0000,1,0,0,0,,,,,,,"5/0/50_4701.jpg,5/2/52_4701_1.jpg,5/1/51_4701_2.jpg",Batterie X Fir E-Gear 1300mA,,,"manufacturer=0,nc_couleur=Marron,url_path=batterie-x-fir-e-gear-1300-ma-vision-marron","#REF31-1,#REF31-1","batterie-x-fir-e-gear-1300ma,batterie-x-fir-e-gear-1300ma",,,,,,,,,,,,,,,,,,VISION,,,,Marron,,,,,,,,,,,,,,,,,,,,,,batterie-x-fir-e-gear-1300-ma-vision-marron,,,,,,,,,,,,,,,
#REF31-57-1,,Machines,simple,Default Category/Produits désactivés,base,Batterie X Fir E-Gear 1300 MA - Vision - Gold,,,0.000000,1,0,Not Visible Individually,8.500000,,,,batterie-x-fir-e-gear-1300-ma-vision-gold,Batterie X Fir E-Gear 1300 MA - Vision - Gold,,,5/0/50_57.jpg,Batterie X Fir E-Gear 1300mA,5/0/50_57.jpg,Batterie X Fir E-Gear 1300mA,5/0/50_57.jpg,,,,03/07/2024 10:08,03/07/2024 10:08,,,,,,,,,,,,,,,,1000.0000,0.0000,1,0,0,1,1.0000,1,10000.0000,1,1,1.0000,1,1,0,0,0.0000,1,0,0,0,,,,,,,5/0/50_57.jpg,Batterie X Fir E-Gear 1300mA,,,"manufacturer=0,nc_couleur=Gold,url_path=batterie-x-fir-e-gear-1300-ma-vision-gold","#REF31-1,#REF31-1","batterie-x-fir-e-gear-1300ma,batterie-x-fir-e-gear-1300ma",,,,,,,,,,,,,,,,,,VISION,,,,Gold,,,,,,,,,,,,,,,,,,,,,,batterie-x-fir-e-gear-1300-ma-vision-gold,,,,,,,,,,,,,,,
#REF34-1,,Machines,configurable,Default Category/Matériel/Mod & Accu/Chargeurs;Default Category/Produits désactivés,base,Chargeur USB - Vision,"<p class=""p1"">Optimisez au maximum la capacité de rechargement de vos batteries Vision.</p>
<p class=""p1"">Ce chargeur est préconisé par Vision pour recharger les Batteries Spinner V2 1650 mAh.</p>","<p class=""p1"">Optimisez au maximum la capacité de rechargement de vos batteries Vision.</p>
<p class=""p1"">Ce chargeur est préconisé par Vision pour recharger les Batteries Spinner V2 1650 mAh.</p>",0.000000,1,FR Taux standard (20%),"Catalog, Search",1.300000,1.196000,,,chargeur-usb-vision,Chargeur USB - Vision,,,5/5/55_34.jpg,Chargeur USB Vision,5/5/55_34.jpg,Chargeur USB Vision,5/5/55_34.jpg,,,,04/02/2015 22:11,08/07/2024 10:12,,,,,,,,,,,,,,,,0.0000,0.0000,1,0,0,1,1.0000,1,10000.0000,1,1,1.0000,1,1,0,0,0.0000,1,0,0,0,,,,,,,5/5/55_34.jpg,Chargeur USB Vision,,,"advanced_is_new=Yes,cost=1.000000,manufacturer=VISION,url_path=chargeur-usb-vision",,,,Yes,,,,,1.000000,,,,,,,,,,,VISION,,,,,,,,,,,,,,,,,,,,,,,,,,chargeur-usb-vision,,,,,,,,,,"sku=#REF34-28398-1,nc_couleur=Black",nc_couleur=Couleur,,,,
#REF34-28398-1,,Machines,simple,Default Category/Matériel/Mod & Accu/Chargeurs;Default Category/Produits désactivés,base,Chargeur USB - Vision - Black,,,0.000000,1,0,Not Visible Individually,1.300000,,,,chargeur-usb-vision-black,Chargeur USB - Vision - Black,,,5/5/55_28398.jpg,Chargeur USB Vision,5/5/55_28398.jpg,Chargeur USB Vision,5/5/55_28398.jpg,,,,03/07/2024 10:08,03/07/2024 10:08,,,,,,,,,,,,,,,,1000.0000,0.0000,1,0,0,1,1.0000,1,10000.0000,1,1,1.0000,1,1,0,0,0.0000,1,0,0,0,,,,,,,5/5/55_28398.jpg,Chargeur USB Vision,,,"manufacturer=0,nc_couleur=Black,url_path=chargeur-usb-vision-black","#REF34-1,#REF34-1","chargeur-usb-vision,chargeur-usb-vision",,,,,,,,,,,,,,,,,,VISION,,,,Black,,,,,,,,,,,,,,,,,,,,,,chargeur-usb-vision-black,,,,,,,,,,,,,,,
#REF35-1,,Machines,configurable,Default Category/Produits désactivés,base,Prise secteur - Vision,<p>Fabricant : Vision.</p>,"<p style=""text-align:justify;"">Cette prise secteur extra plate est l’idéal pour les vapoteurs désirant augmenter la longévité de leurs batteries. </p>",0.000000,1,FR Taux standard (20%),"Catalog, Search",1.400000,1.288000,,,prise-secteur-vision,Prise secteur - Vision,,,4/7/472_35.jpg,Prise secteur - Vision,4/7/472_35.jpg,Prise secteur - Vision,4/7/472_35.jpg,,,,04/02/2015 22:15,08/07/2024 10:12,,,,,,,,,,,,,,,,0.0000,0.0000,1,0,0,1,1.0000,1,10000.0000,1,1,1.0000,1,1,0,0,0.0000,1,0,0,0,,,,,,,4/7/472_35.jpg,Prise secteur - Vision,,,"advanced_is_new=Yes,cost=0.980000,manufacturer=VISION,offre_semaine=Yes,url_path=prise-secteur-vision",,,,Yes,,,,,0.980000,,,,,,,,,,,VISION,,,,,,,,,,,,,,,,Yes,,,,,,,,,,prise-secteur-vision,,,,,,,,,,"sku=#REF35-28399-1,nc_couleur=Black",nc_couleur=Couleur,,,,
#REF35-28399-1,,Machines,simple,Default Category/Produits désactivés,base,Prise secteur - Vision - Black,,,0.000000,1,0,Not Visible Individually,1.400000,,,,prise-secteur-vision-black,Prise secteur - Vision - Black,,,4/7/472_28399.jpg,Prise secteur - Vision,4/7/472_28399.jpg,Prise secteur - Vision,4/7/472_28399.jpg,,,,03/07/2024 10:08,03/07/2024 10:08,,,,,,,,,,,,,,,,1000.0000,0.0000,1,0,0,1,1.0000,1,10000.0000,1,1,1.0000,1,1,0,0,0.0000,1,0,0,0,,,,,,,4/7/472_28399.jpg,Prise secteur - Vision,,,"manufacturer=0,nc_couleur=Black,url_path=prise-secteur-vision-black","#REF35-1,#REF35-1","prise-secteur-vision,prise-secteur-vision",,,,,,,,,,,,,,,,,,VISION,,,,Black,,,,,,,,,,,,,,,,,,,,,,prise-secteur-vision-black,,,,,,,,,,,,,,,
#REF46-1,,Machines,configurable,Default Category/Eliquide Monde/UK;Default Category/Eliquide Monde/UK/Vampire Vape;Default Category/Eliquide Monde;Default Category/Vampire Vape,base,Black Jack 10ml - Vampire vape,"<p>Flacon de 10 ml. Par Vampire Vape.</p>
<ul>
<li>PG/VG 60/40</li>
<li>Bouchon sécurisé</li>
</ul>",<p>Black Jack est un e-liquide au goût des bonbons rétro de notre enfance. Ce mélange légèrement épicé de réglisse et d'anis regorge de saveurs et laisse un arrière-goût sucré. Associez-le à un e-liquide mentholé pour une touche de fraîcheur ou vapotez-le seul pour un goût fort et audacieux de bonbons Black Jack.</p>,0.020000,1,FR Taux standard (20%),"Catalog, Search",1.890000,1.748250,,,black-jack,Black Jack 10ml - Vampire vape,,,4/1/41648_46.jpg,Black Jack,4/1/41648_46.jpg,Black Jack,4/1/41648_46.jpg,,,,11/02/2015 20:09,08/07/2024 10:12,,,,,,,,,,,,,,,,3129.0000,0.0000,1,0,0,1,1.0000,1,10000.0000,1,1,1.0000,1,1,0,0,1.0000,1,0,0,0,,,,,,,"4/1/41648_46.jpg,3/7/37064_46_1.jpg",Black Jack,,,"advanced_is_new=Yes,contenance=10ml,cost=1.080000,manufacturer=Vampire Vape,nc_conditionnement=Bouteille PE 10ml avec sécurité enfant,nc_dosages_nicotine=0, 3, 6, 12, 18mg,nc_marque=Vampire vape,offre_semaine=Yes,url_path=black-jack-10ml-vampire-vape",,,,Yes,,,,10ml,1.080000,,,,,,,,,,,Vampire Vape,,,Bouteille PE 10ml avec sécurité enfant,,,"0, 3, 6, 12, 18mg",,,,Vampire vape,,,,,,Yes,,,,,,,,,,black-jack-10ml-vampire-vape,,,,,,,,,,"sku=#REF46-1123-1,nc_dosage_nicotine=0mg|sku=#REF46-42555-1,nc_dosage_nicotine=3mg|sku=#REF46-1124-1,nc_dosage_nicotine=6mg|sku=#REF46-1125-1,nc_dosage_nicotine=12mg|sku=#REF46-1126-1,nc_dosage_nicotine=18mg",nc_dosage_nicotine=Dosage Nicotine,,,,
#REF46-1123-1,,Machines,simple,Default Category/Eliquide Monde/UK;Default Category/Eliquide Monde/UK/Vampire Vape;Default Category/Eliquide Monde;Default Category/Vampire Vape,base,Black Jack 10ml - Vampire vape - 0mg,,,0.020000,1,0,Not Visible Individually,1.890000,,,,black-jack-10ml-vampire-vape-0mg,Black Jack 10ml - Vampire vape - 0mg,,,4/1/41648_1123.jpg,Black Jack,4/1/41648_1123.jpg,Black Jack,4/1/41648_1123.jpg,,,,04/07/2024 00:00,04/07/2024 00:00,,,,,,,,,,,,,,,,1000.0000,0.0000,1,0,0,1,1.0000,1,10000.0000,1,1,1.0000,1,1,0,0,0.0000,1,0,0,0,,,,,,,4/1/41648_1123.jpg,Black Jack,,,"manufacturer=0,nc_dosage_nicotine=0mg,url_path=black-jack-10ml-vampire-vape-0mg","#REF46-1,#REF46-1","black-jack,black-jack",,,,,,,,,,,,,,,,,,Vampire Vape,,,,,,,0mg,,,,,,,,,,,,,,,,,,,black-jack-10ml-vampire-vape-0mg,,,,,,,,,,,,,,,
#REF46-42555-1,,Machines,simple,Default Category/Eliquide Monde/UK;Default Category/Eliquide Monde/UK/Vampire Vape;Default Category/Eliquide Monde;Default Category/Vampire Vape,base,Black Jack 10ml - Vampire vape - 3mg,,,0.020000,1,0,Not Visible Individually,1.890000,,,,black-jack-10ml-vampire-vape-3mg,Black Jack 10ml - Vampire vape - 3mg,,,4/1/41648_42555.jpg,Black Jack,4/1/41648_42555.jpg,Black Jack,4/1/41648_42555.jpg,,,,03/07/2024 10:08,03/07/2024 10:08,,,,,,,,,,,,,,,,1000.0000,0.0000,1,0,0,1,1.0000,1,10000.0000,1,1,1.0000,1,1,0,0,1.0000,1,0,0,0,,,,,,,4/1/41648_42555.jpg,Black Jack,,,"manufacturer=0,nc_dosage_nicotine=3mg,url_path=black-jack-10ml-vampire-vape-3mg","#REF46-1,#REF46-1","black-jack,black-jack",,,,,,,,,,,,,,,,,,Vampire Vape,,,,,,,3mg,,,,,,,,,,,,,,,,,,,black-jack-10ml-vampire-vape-3mg,,,,,,,,,,,,,,,
#REF46-1124-1,,Machines,simple,Default Category/Eliquide Monde/UK;Default Category/Eliquide Monde/UK/Vampire Vape;Default Category/Eliquide Monde;Default Category/Vampire Vape,base,Black Jack 10ml - Vampire vape - 6mg,,,0.020000,1,0,Not Visible Individually,1.890000,,,,black-jack-10ml-vampire-vape-6mg,Black Jack 10ml - Vampire vape - 6mg,,,4/1/41648_1124.jpg,Black Jack,4/1/41648_1124.jpg,Black Jack,4/1/41648_1124.jpg,,,,03/07/2024 10:08,03/07/2024 10:08,,,,,,,,,,,,,,,,1000.0000,0.0000,1,0,0,1,1.0000,1,10000.0000,1,1,1.0000,1,1,0,0,1.0000,1,0,0,0,,,,,,,4/1/41648_1124.jpg,Black Jack,,,"manufacturer=0,nc_dosage_nicotine=6mg,url_path=black-jack-10ml-vampire-vape-6mg","#REF46-1,#REF46-1","black-jack,black-jack",,,,,,,,,,,,,,,,,,Vampire Vape,,,,,,,6mg,,,,,,,,,,,,,,,,,,,black-jack-10ml-vampire-vape-6mg,,,,,,,,,,,,,,,
#REF46-1125-1,,Machines,simple,Default Category/Eliquide Monde/UK;Default Category/Eliquide Monde/UK/Vampire Vape;Default Category/Eliquide Monde;Default Category/Vampire Vape,base,Black Jack 10ml - Vampire vape - 12mg,,,0.020000,1,0,Not Visible Individually,1.890000,,,,black-jack-10ml-vampire-vape-12mg,Black Jack 10ml - Vampire vape - 12mg,,,4/1/41648_1125.jpg,Black Jack,4/1/41648_1125.jpg,Black Jack,4/1/41648_1125.jpg,,,,04/07/2024 00:00,04/07/2024 00:00,,,,,,,,,,,,,,,,1000.0000,0.0000,1,0,0,1,1.0000,1,10000.0000,1,1,1.0000,1,1,0,0,0.0000,1,0,0,0,,,,,,,4/1/41648_1125.jpg,Black Jack,,,"manufacturer=0,nc_dosage_nicotine=12mg,url_path=black-jack-10ml-vampire-vape-12mg","#REF46-1,#REF46-1","black-jack,black-jack",,,,,,,,,,,,,,,,,,Vampire Vape,,,,,,,12mg,,,,,,,,,,,,,,,,,,,black-jack-10ml-vampire-vape-12mg,,,,,,,,,,,,,,,
#REF46-1126-1,,Machines,simple,Default Category/Eliquide Monde/UK;Default Category/Eliquide Monde/UK/Vampire Vape;Default Category/Eliquide Monde;Default Category/Vampire Vape,base,Black Jack 10ml - Vampire vape - 18mg,,,0.020000,1,0,Not Visible Individually,1.890000,,,,black-jack-10ml-vampire-vape-18mg,Black Jack 10ml - Vampire vape - 18mg,,,4/1/41648_1126.jpg,Black Jack,4/1/41648_1126.jpg,Black Jack,4/1/41648_1126.jpg,,,,03/07/2024 10:08,03/07/2024 10:08,,,,,,,,,,,,,,,,1000.0000,0.0000,1,0,0,1,1.0000,1,10000.0000,1,1,1.0000,1,1,0,0,0.0000,1,0,0,0,,,,,,,4/1/41648_1126.jpg,Black Jack,,,"manufacturer=0,nc_dosage_nicotine=18mg,url_path=black-jack-10ml-vampire-vape-18mg","#REF46-1,#REF46-1","black-jack,black-jack",,,,,,,,,,,,,,,,,,Vampire Vape,,,,,,,18mg,,,,,,,,,,,,,,,,,,,black-jack-10ml-vampire-vape-18mg,,,,,,,,,,,,,,,
#REF47-1,,Machines,configurable,Default Category/Eliquide Monde/UK;Default Category/Eliquide Monde/UK/Vampire Vape;Default Category/Eliquide Monde;Default Category/Vampire Vape,base,Strawberry Kiwi 10ml - Vampire vape,,<p><span>Le parfait mélange de la douce Fraise et du frais Kiwi</span></p>,0.020000,1,FR Taux standard (20%),"Catalog, Search",1.890000,1.748250,,,strawberry-kiwi-10ml-vampire-vape,Strawberry Kiwi 10ml - Vampire vape - LCA distribution,,Strawberry Kiwi 10ml - Vampire vape - LCA distribution,3/7/37065_47.jpg,Fraise Kiwi,3/7/37065_47.jpg,Fraise Kiwi,3/7/37065_47.jpg,,,,11/02/2015 20:10,08/07/2024 10:12,,,,,,,,,,,,,,,,829.0000,0.0000,1,0,0,1,1.0000,1,10000.0000,1,1,1.0000,1,1,0,0,1.0000,1,0,0,0,,,,,,,3/7/37065_47.jpg,Fraise Kiwi,,,"advanced_is_new=Yes,contenance=10ml,cost=1.080000,manufacturer=Vampire Vape,nc_conditionnement=Bouteille PE 10ml avec sécurité enfant,nc_dosages_nicotine=0, 3, 6, 12, 18mg,nc_marque=Vampire vape,url_path=strawberry-kiwi-10ml-vampire-vape",,,,Yes,,,,10ml,1.080000,,,,,,,,,,,Vampire Vape,,,Bouteille PE 10ml avec sécurité enfant,,,"0, 3, 6, 12, 18mg",,,,Vampire vape,,,,,,,,,,,,,,,,strawberry-kiwi-10ml-vampire-vape,,,,,,,,,,"sku=#REF47-113-1,nc_dosage_nicotine=0mg|sku=#REF47-42556-1,nc_dosage_nicotine=3mg|sku=#REF47-114-1,nc_dosage_nicotine=6mg|sku=#REF47-115-1,nc_dosage_nicotine=12mg|sku=#REF47-116-1,nc_dosage_nicotine=18mg",nc_dosage_nicotine=Dosage Nicotine,,,,
#REF47-113-1,,Machines,simple,Default Category/Eliquide Monde/UK;Default Category/Eliquide Monde/UK/Vampire Vape;Default Category/Eliquide Monde;Default Category/Vampire Vape,base,Strawberry Kiwi 10ml - Vampire vape - 0mg,,,0.020000,1,0,Not Visible Individually,1.890000,,,,strawberry-kiwi-10ml-vampire-vape-0mg,Strawberry Kiwi 10ml - Vampire vape - 0mg,,,3/7/37065_113.jpg,Fraise Kiwi,3/7/37065_113.jpg,Fraise Kiwi,3/7/37065_113.jpg,,,,03/07/2024 10:08,03/07/2024 10:08,,,,,,,,,,,,,,,,1000.0000,0.0000,1,0,0,1,1.0000,1,10000.0000,1,1,1.0000,1,1,0,0,1.0000,1,0,0,0,,,,,,,3/7/37065_113.jpg,Fraise Kiwi,,,"manufacturer=0,nc_dosage_nicotine=0mg,url_path=strawberry-kiwi-10ml-vampire-vape-0mg","#REF47-1,#REF47-1","strawberry-kiwi-10ml-vampire-vape,strawberry-kiwi-10ml-vampire-vape",,,,,,,,,,,,,,,,,,Vampire Vape,,,,,,,0mg,,,,,,,,,,,,,,,,,,,strawberry-kiwi-10ml-vampire-vape-0mg,,,,,,,,,,,,,,,
#REF47-42556-1,,Machines,simple,Default Category/Eliquide Monde/UK;Default Category/Eliquide Monde/UK/Vampire Vape;Default Category/Eliquide Monde;Default Category/Vampire Vape,base,Strawberry Kiwi 10ml - Vampire vape - 3mg,,,0.020000,1,0,Not Visible Individually,1.890000,,,,strawberry-kiwi-10ml-vampire-vape-3mg,Strawberry Kiwi 10ml - Vampire vape - 3mg,,,3/7/37065_42556.jpg,Fraise Kiwi,3/7/37065_42556.jpg,Fraise Kiwi,3/7/37065_42556.jpg,,,,03/07/2024 10:08,03/07/2024 10:08,,,,,,,,,,,,,,,,1000.0000,0.0000,1,0,0,1,1.0000,1,10000.0000,1,1,1.0000,1,1,0,0,1.0000,1,0,0,0,,,,,,,3/7/37065_42556.jpg,Fraise Kiwi,,,"manufacturer=0,nc_dosage_nicotine=3mg,url_path=strawberry-kiwi-10ml-vampire-vape-3mg","#REF47-1,#REF47-1","strawberry-kiwi-10ml-vampire-vape,strawberry-kiwi-10ml-vampire-vape",,,,,,,,,,,,,,,,,,Vampire Vape,,,,,,,3mg,,,,,,,,,,,,,,,,,,,strawberry-kiwi-10ml-vampire-vape-3mg,,,,,,,,,,,,,,,
#REF47-114-1,,Machines,simple,Default Category/Eliquide Monde/UK;Default Category/Eliquide Monde/UK/Vampire Vape;Default Category/Eliquide Monde;Default Category/Vampire Vape,base,Strawberry Kiwi 10ml - Vampire vape - 6mg,,,0.020000,1,0,Not Visible Individually,1.890000,,,,strawberry-kiwi-10ml-vampire-vape-6mg,Strawberry Kiwi 10ml - Vampire vape - 6mg,,,3/7/37065_114.jpg,Fraise Kiwi,3/7/37065_114.jpg,Fraise Kiwi,3/7/37065_114.jpg,,,,03/07/2024 10:08,03/07/2024 10:08,,,,,,,,,,,,,,,,1000.0000,0.0000,1,0,0,1,1.0000,1,10000.0000,1,1,1.0000,1,1,0,0,1.0000,1,0,0,0,,,,,,,3/7/37065_114.jpg,Fraise Kiwi,,,"manufacturer=0,nc_dosage_nicotine=6mg,url_path=strawberry-kiwi-10ml-vampire-vape-6mg","#REF47-1,#REF47-1","strawberry-kiwi-10ml-vampire-vape,strawberry-kiwi-10ml-vampire-vape",,,,,,,,,,,,,,,,,,Vampire Vape,,,,,,,6mg,,,,,,,,,,,,,,,,,,,strawberry-kiwi-10ml-vampire-vape-6mg,,,,,,,,,,,,,,,
#REF47-115-1,,Machines,simple,Default Category/Eliquide Monde/UK;Default Category/Eliquide Monde/UK/Vampire Vape;Default Category/Eliquide Monde;Default Category/Vampire Vape,base,Strawberry Kiwi 10ml - Vampire vape - 12mg,,,0.020000,1,0,Not Visible Individually,1.890000,,,,strawberry-kiwi-10ml-vampire-vape-12mg,Strawberry Kiwi 10ml - Vampire vape - 12mg,,,3/7/37065_115.jpg,Fraise Kiwi,3/7/37065_115.jpg,Fraise Kiwi,3/7/37065_115.jpg,,,,03/07/2024 10:08,03/07/2024 10:08,,,,,,,,,,,,,,,,1000.0000,0.0000,1,0,0,1,1.0000,1,10000.0000,1,1,1.0000,1,1,0,0,1.0000,1,0,0,0,,,,,,,3/7/37065_115.jpg,Fraise Kiwi,,,"manufacturer=0,nc_dosage_nicotine=12mg,url_path=strawberry-kiwi-10ml-vampire-vape-12mg","#REF47-1,#REF47-1","strawberry-kiwi-10ml-vampire-vape,strawberry-kiwi-10ml-vampire-vape",,,,,,,,,,,,,,,,,,Vampire Vape,,,,,,,12mg,,,,,,,,,,,,,,,,,,,strawberry-kiwi-10ml-vampire-vape-12mg,,,,,,,,,,,,,,,
#REF47-116-1,,Machines,simple,Default Category/Eliquide Monde/UK;Default Category/Eliquide Monde/UK/Vampire Vape;Default Category/Eliquide Monde;Default Category/Vampire Vape,base,Strawberry Kiwi 10ml - Vampire vape - 18mg,,,0.020000,1,0,Not Visible Individually,1.890000,,,,strawberry-kiwi-10ml-vampire-vape-18mg,Strawberry Kiwi 10ml - Vampire vape - 18mg,,,3/7/37065_116.jpg,Fraise Kiwi,3/7/37065_116.jpg,Fraise Kiwi,3/7/37065_116.jpg,,,,03/07/2024 10:08,03/07/2024 10:08,,,,,,,,,,,,,,,,1000.0000,0.0000,1,0,0,1,1.0000,1,10000.0000,1,1,1.0000,1,1,0,0,0.0000,1,0,0,0,,,,,,,3/7/37065_116.jpg,Fraise Kiwi,,,"manufacturer=0,nc_dosage_nicotine=18mg,url_path=strawberry-kiwi-10ml-vampire-vape-18mg","#REF47-1,#REF47-1","strawberry-kiwi-10ml-vampire-vape,strawberry-kiwi-10ml-vampire-vape",,,,,,,,,,,,,,,,,,Vampire Vape,,,,,,,18mg,,,,,,,,,,,,,,,,,,,strawberry-kiwi-10ml-vampire-vape-18mg,,,,,,,,,,,,,,,
#REF60-1,,Machines,configurable,Default Category/Produits désactivés,base,box Istick 20 watt simple pack - eleaf,"<div><strong><span style=""text-decoration:underline;"">Caractéristiques</span> :</strong></div>
<ul><li>Taille de la batterie MOD: 75mm x 21mm x 32.8mm </li>
<li>Couleur: noir, argent, rose, bleu </li>
<li>Capacité: 2200mAh </li>
<li>Type de connection : 510 </li>
<li>Tension variable: 3.0V - 5.5V </li>
<li>Puissance variable: 2.0W - 20W</li>
<li>Ecran Oled</li>
<li>Charge 1A par Micro USB passthrough</li>
</ul>",<p>La Mini Box Mod iStick 20W par Eleaf est un must du Mod. </p>,0.100000,1,FR Taux standard (20%),"Catalog, Search",14.640000,13.542000,,,istick-20-watt-single-eleaf,Istick 20 watt single de chez Eleaf - LaGalou,"box,mod,istick,20w,eleaf,electronique,cigarette","La Mini Box Mod iStick 20W par Eleaf est un must du Mod. Compacte et légère, la Mini iStick 20W est équipée d'un écran oled circulaire qui indique la charge, la tension ou puissance en cours de vape et le temps d'inspiration.",3/5/355_60.jpg,Box Istick - 20W,3/5/355_60.jpg,Box Istick - 20W,3/5/355_60.jpg,,,,14/02/2015 15:24,08/07/2024 10:12,,,,,,,,,,,,,,,,0.0000,0.0000,1,0,0,1,1.0000,1,10000.0000,1,1,1.0000,1,1,0,0,0.0000,1,0,0,0,,,,,,,"3/5/355_60.jpg,7/6/769_60_1.jpg","Box Istick - 20W,Box Istick single - 20W",,,"advanced_is_new=Yes,cost=11.520000,manufacturer=Eleaf,nc_autonomie=intégrée 2200mAh,nc_dimensions=32.8*21*75mm,nc_marque=Eleaf,nc_puissance=2-20W,nc_tension_de_sortie=3-5.5V,url_path=box-istick-20-watt-simple-pack-eleaf",,,,Yes,,,,,11.520000,,,,,,,,,,,Eleaf,,intégrée 2200mAh,,,32.8*21*75mm,,,,,Eleaf,,2-20W,,,3-5.5V,,,,,,,,,,,box-istick-20-watt-simple-pack-eleaf,,,,,,,,,,"sku=#REF60-169-1,nc_couleur=Bleu|sku=#REF60-170-1,nc_couleur=Noir|sku=#REF60-171-1,nc_couleur=Rouge|sku=#REF60-172-1,nc_couleur=Acier",nc_couleur=Couleur,,,,
#REF60-169-1,,Machines,simple,Default Category/Produits désactivés,base,box Istick 20 watt simple pack - eleaf - Bleu,,,0.100000,1,0,Not Visible Individually,14.640000,,,,box-istick-20-watt-simple-pack-eleaf-bleu,box Istick 20 watt simple pack - eleaf - Bleu,,,3/5/355_169.jpg,Box Istick - 20W,3/5/355_169.jpg,Box Istick - 20W,3/5/355_169.jpg,,,,03/07/2024 10:08,03/07/2024 10:08,,,,,,,,,,,,,,,,1000.0000,0.0000,1,0,0,1,1.0000,1,10000.0000,1,1,1.0000,1,1,0,0,0.0000,1,0,0,0,,,,,,,3/5/355_169.jpg,Box Istick - 20W,,,"manufacturer=0,nc_couleur=Bleu,url_path=box-istick-20-watt-simple-pack-eleaf-bleu","#REF60-1,#REF60-1","istick-20-watt-single-eleaf,istick-20-watt-single-eleaf",,,,,,,,,,,,,,,,,,Eleaf,,,,Bleu,,,,,,,,,,,,,,,,,,,,,,box-istick-20-watt-simple-pack-eleaf-bleu,,,,,,,,,,,,,,,
#REF60-170-1,,Machines,simple,Default Category/Produits désactivés,base,box Istick 20 watt simple pack - eleaf - Noir,,,0.100000,1,0,Not Visible Individually,14.640000,,,,box-istick-20-watt-simple-pack-eleaf-noir,box Istick 20 watt simple pack - eleaf - Noir,,,3/5/355_170.jpg,Box Istick - 20W,3/5/355_170.jpg,Box Istick - 20W,3/5/355_170.jpg,,,,03/07/2024 10:08,03/07/2024 10:08,,,,,,,,,,,,,,,,1000.0000,0.0000,1,0,0,1,1.0000,1,10000.0000,1,1,1.0000,1,1,0,0,0.0000,1,0,0,0,,,,,,,3/5/355_170.jpg,Box Istick - 20W,,,"manufacturer=0,nc_couleur=Noir,url_path=box-istick-20-watt-simple-pack-eleaf-noir","#REF60-1,#REF60-1","istick-20-watt-single-eleaf,istick-20-watt-single-eleaf",,,,,,,,,,,,,,,,,,Eleaf,,,,Noir,,,,,,,,,,,,,,,,,,,,,,box-istick-20-watt-simple-pack-eleaf-noir,,,,,,,,,,,,,,,
#REF60-171-1,,Machines,simple,Default Category/Produits désactivés,base,box Istick 20 watt simple pack - eleaf - Rouge,,,0.100000,1,0,Not Visible Individually,14.640000,,,,box-istick-20-watt-simple-pack-eleaf-rouge,box Istick 20 watt simple pack - eleaf - Rouge,,,3/5/355_171.jpg,Box Istick - 20W,3/5/355_171.jpg,Box Istick - 20W,3/5/355_171.jpg,,,,03/07/2024 10:08,03/07/2024 10:08,,,,,,,,,,,,,,,,1000.0000,0.0000,1,0,0,1,1.0000,1,10000.0000,1,1,1.0000,1,1,0,0,0.0000,1,0,0,0,,,,,,,3/5/355_171.jpg,Box Istick - 20W,,,"manufacturer=0,nc_couleur=Rouge,url_path=box-istick-20-watt-simple-pack-eleaf-rouge","#REF60-1,#REF60-1","istick-20-watt-single-eleaf,istick-20-watt-single-eleaf",,,,,,,,,,,,,,,,,,Eleaf,,,,Rouge,,,,,,,,,,,,,,,,,,,,,,box-istick-20-watt-simple-pack-eleaf-rouge,,,,,,,,,,,,,,,
#REF60-172-1,,Machines,simple,Default Category/Eliquide Monde,base,box Istick 20 watt simple pack - eleaf - Acier,,,0.100000,1,0,Not Visible Individually,14.640000,,,,box-istick-20-watt-simple-pack-eleaf-acier,box Istick 20 watt simple pack - eleaf - Acier,,,3/5/355_172.jpg,Box Istick - 20W,3/5/355_172.jpg,Box Istick - 20W,3/5/355_172.jpg,,,,03/07/2024 10:08,03/07/2024 10:08,,,,,,,,,,,,,,,,1000.0000,0.0000,1,0,0,1,1.0000,1,10000.0000,1,1,1.0000,1,1,0,0,0.0000,1,0,0,0,,,,,,,3/5/355_172.jpg,Box Istick - 20W,,,"manufacturer=0,nc_couleur=Acier,url_path=box-istick-20-watt-simple-pack-eleaf-acier","#REF60-1,#REF60-1","istick-20-watt-single-eleaf,istick-20-watt-single-eleaf",,,,,,,,,,,,,,,,,,Eleaf,,,,Acier,,,,,,,,,,,,,,,,,,,,,,box-istick-20-watt-simple-pack-eleaf-acier,,,,,,,,,,,,,,,
#REF63-1,,Machines,configurable,Default Category/Produits désactivés;Default Category/Eliquide Monde,base,box Istick 30 watt simple pack - eleaf,"<div><span style=""text-decoration:underline;""><strong>Caractéristiques techniques :</strong></span></div>
<ul><li>Longueur : 77 mm</li>
<li>Largeur : 32 mm</li>
<li>Epaisseur : 20 mm</li>
<li>Poids : 95 g</li>
<li>Batterie intégrée : 2200 mAh</li>
<li>Recharge batterie : câble Micro USB</li>
<li>Connectique : 510</li>
<li>Protection contre le court-circuit</li>
<li>Ecran OLED</li>
<li>Accepte les résistances à partir de 0,4Ohm</li>
<li>Voltage variable : de 2V à 8V (incrément de 0.1V)</li>
<li>Wattage variable : de 5W à 30W (incrément de 0.1W)</li>
<li>Marque : Eleaf</li>
<li>Garantie : 3 mois</li>
</ul>",<p>La fameuse box iStick par Eleaf en version 30W. Sa taille réduite et l'autonomie de sa batterie feront d'elle le compagnon idéal de votre vape en toute circonstance. </p>,0.100000,1,FR Taux standard (20%),"Catalog, Search",16.500000,15.180000,,,box-istick-single-30w,Istick 30 watt single de chez eleaf - LCA,"box,istick,30w,eleaf,electronique,e-cigarette,mod",La box iStick par Eleaf en version 30W.,7/7/772_63.jpg,Box Istick single - 30W,7/7/772_63.jpg,Box Istick single - 30W,7/7/772_63.jpg,,,,15/02/2015 12:48,08/07/2024 10:12,,,,,,,,,,,,,,,,0.0000,0.0000,1,0,0,1,1.0000,1,10000.0000,1,1,1.0000,1,1,0,0,0.0000,1,0,0,0,,,,,,,"7/7/772_63.jpg,3/5/358_63_1.jpg,3/5/357_63_2.jpg,3/5/356_63_3.jpg,7/7/773_63_4.jpg","Box Istick single - 30W,Box Istick - 30W",,,"advanced_is_new=Yes,cost=12.950000,manufacturer=0,nc_autonomie=intégrée 2200mAh,nc_dimensions=32*20*77mm,nc_marque=Eleaf,nc_puissance=5-30W,url_path=box-istick-30-watt-simple-pack-eleaf",,,,Yes,,,,,12.950000,,,,,,,,,,,Eleaf,,intégrée 2200mAh,,,32*20*77mm,,,,,Eleaf,,5-30W,,,,,,,,,,,,,,box-istick-30-watt-simple-pack-eleaf,,,,,,,,,,"sku=#REF63-177-1,nc_couleur=Bleu|sku=#REF63-178-1,nc_couleur=Noir|sku=#REF63-179-1,nc_couleur=Rouge|sku=#REF63-180-1,nc_couleur=Acier|sku=#REF63-7981-1,nc_couleur=Carbon Fiber",nc_couleur=Couleur,,,,
#REF63-177-1,,Machines,simple,Default Category/Eliquide Monde,base,box Istick 30 watt simple pack - eleaf - Bleu,,,0.200000,1,0,Not Visible Individually,16.500000,,,,box-istick-30-watt-simple-pack-eleaf-bleu,box Istick 30 watt simple pack - eleaf - Bleu,,,7/7/773_5818.jpg,Box Istick single - 30W,7/7/773_5818.jpg,Box Istick single - 30W,7/7/773_5818.jpg,,,,03/07/2024 10:08,03/07/2024 10:08,,,,,,,,,,,,,,,,1000.0000,0.0000,1,0,0,1,1.0000,1,10000.0000,1,1,1.0000,1,1,0,0,0.0000,1,0,0,0,,,,,,,7/7/773_5818.jpg,Box Istick single - 30W,,,"manufacturer=0,nc_couleur=Bleu,url_path=box-istick-30-watt-simple-pack-eleaf-bleu","#REF63-1,#REF63-1","box-istick-single-30w,box-istick-single-30w",,,,,,,,,,,,,,,,,,Eleaf,,,,Bleu,,,,,,,,,,,,,,,,,,,,,,box-istick-30-watt-simple-pack-eleaf-bleu,,,,,,,,,,,,,,,
#REF63-178-1,,Machines,simple,Default Category/Eliquide Monde,base,box Istick 30 watt simple pack - eleaf - Noir,,,0.200000,1,0,Not Visible Individually,16.500000,,,,box-istick-30-watt-simple-pack-eleaf-noir,box Istick 30 watt simple pack - eleaf - Noir,,,7/7/772_178.jpg,Box Istick single - 30W,7/7/772_178.jpg,Box Istick single - 30W,7/7/772_178.jpg,,,,03/07/2024 10:08,03/07/2024 10:08,,,,,,,,,,,,,,,,1000.0000,0.0000,1,0,0,1,1.0000,1,10000.0000,1,1,1.0000,1,1,0,0,0.0000,1,0,0,0,,,,,,,7/7/772_178.jpg,Box Istick single - 30W,,,"manufacturer=0,nc_couleur=Noir,url_path=box-istick-30-watt-simple-pack-eleaf-noir","#REF63-1,#REF63-1","box-istick-single-30w,box-istick-single-30w",,,,,,,,,,,,,,,,,,Eleaf,,,,Noir,,,,,,,,,,,,,,,,,,,,,,box-istick-30-watt-simple-pack-eleaf-noir,,,,,,,,,,,,,,,
#REF63-179-1,,Machines,simple,Default Category/Vampire Vape;Default Category/Eliquide Monde,base,box Istick 30 watt simple pack - eleaf - Rouge,,,0.100000,1,0,Not Visible Individually,16.500000,,,,box-istick-30-watt-simple-pack-eleaf-rouge,box Istick 30 watt simple pack - eleaf - Rouge,,,7/7/773_5819.jpg,Box Istick single - 30W,7/7/773_5819.jpg,Box Istick single - 30W,7/7/773_5819.jpg,,,,03/07/2024 10:08,03/07/2024 10:08,,,,,,,,,,,,,,,,1000.0000,0.0000,1,0,0,1,1.0000,1,10000.0000,1,1,1.0000,1,1,0,0,0.0000,1,0,0,0,,,,,,,7/7/773_5819.jpg,Box Istick single - 30W,,,"manufacturer=0,nc_couleur=Rouge,url_path=box-istick-30-watt-simple-pack-eleaf-rouge","#REF63-1,#REF63-1","box-istick-single-30w,box-istick-single-30w",,,,,,,,,,,,,,,,,,Eleaf,,,,Rouge,,,,,,,,,,,,,,,,,,,,,,box-istick-30-watt-simple-pack-eleaf-rouge,,,,,,,,,,,,,,,
#REF63-180-1,,Machines,simple,Default Category/Vampire Vape;Default Category/Eliquide Monde,base,box Istick 30 watt simple pack - eleaf - Acier,,,0.200000,1,0,Not Visible Individually,16.500000,,,,box-istick-30-watt-simple-pack-eleaf-acier,box Istick 30 watt simple pack - eleaf - Acier,,,7/7/772_180.jpg,Box Istick single - 30W,7/7/772_180.jpg,Box Istick single - 30W,7/7/772_180.jpg,,,,03/07/2024 10:08,03/07/2024 10:08,,,,,,,,,,,,,,,,1000.0000,0.0000,1,0,0,1,1.0000,1,10000.0000,1,1,1.0000,1,1,0,0,0.0000,1,0,0,0,,,,,,,7/7/772_180.jpg,Box Istick single - 30W,,,"manufacturer=0,nc_couleur=Acier,url_path=box-istick-30-watt-simple-pack-eleaf-acier","#REF63-1,#REF63-1","box-istick-single-30w,box-istick-single-30w",,,,,,,,,,,,,,,,,,Eleaf,,,,Acier,,,,,,,,,,,,,,,,,,,,,,box-istick-30-watt-simple-pack-eleaf-acier,,,,,,,,,,,,,,,
#REF63-7981-1,,Machines,simple,Default Category/Vampire Vape,base,box Istick 30 watt simple pack - eleaf - Carbon Fiber,,,0.100000,1,0,Not Visible Individually,18.500000,,,,box-istick-30-watt-simple-pack-eleaf-carbon-fiber,box Istick 30 watt simple pack - eleaf - Carbon Fiber,,,7/7/772_7981.jpg,Box Istick single - 30W,7/7/772_7981.jpg,Box Istick single - 30W,7/7/772_7981.jpg,,,,03/07/2024 10:08,03/07/2024 10:08,,,,,,,,,,,,,,,,1000.0000,0.0000,1,0,0,1,1.0000,1,10000.0000,1,1,1.0000,1,1,0,0,0.0000,1,0,0,0,,,,,,,7/7/772_7981.jpg,Box Istick single - 30W,,,"cost=16.840000,manufacturer=0,nc_couleur=Carbon Fiber,url_path=box-istick-30-watt-simple-pack-eleaf-carbon-fiber","#REF63-1,#REF63-1","box-istick-single-30w,box-istick-single-30w",,,,,,,16.840000,,,,,,,,,,,Eleaf,,,,Carbon Fiber,,,,,,,,,,,,,,,,,,,,,,box-istick-30-watt-simple-pack-eleaf-carbon-fiber,,,,,,,,,,,,,,,
#REF24-1-Marron-20ml,,Machines,virtual,Default Category/Matériel;Default Category/Produits désactivés,base,KIT Mini Spinner 2 VAPROS - Vision-Marron-20ml,"<p style=""text-align:justify;"">Le design n’a pas été mis de côté, s’agissant de la batterie, son revêtement bi-texturé d’une finition remarquable, qui laisse apparaitre discrètement le logo de la marque, la rend plu moderne et permet une bonne prise en main. Quant au clearomizer, stylisé de la même façon que la batterie, il s’y intègre très bien pour un setup flush !<br />La batterie Vision Spinner II Mini est manuelle et à voltage variable – 4 positions. Grâce à la variation du voltage, vous pourrez choisir la puissance de la batterie (de 3.3 à 4.8 v) et donc le mode de vape qui vous convient. Le réglage influera sur la quantité de vapeur produite de même que sur le hit que vous inhalerez. Cette cigarette électronique s’adapte donc à tous les goûts pour attirer le plus grand nombre de vapoteurs et vapoteuses.<br />Un autre avantage de cette batterie, elle possède une connectique compatible 510 et eGo ce qui vous permettra de créer le setup – montage, de votre choix. Pratique, le bouton d’allumage, très discret, change de couleur pour indiquer le niveau de charge restant de la batterie et clignote 15 fois lorsqu’elle doit être rechargée. Petite mais puissante, elle dispose d’une autonomie de 7 à 8 heures environ.<br />Le clearomiseur Mini Spinner 2 est ce qui se fait de mieux sur le marché actuellement. Son système Bottom Coil Changeable, avec résistance changeable en bas à la base du clearo lui permet d’être toujours alimenté en e-liquide. Son réservoir en Pyrex peut contenir 2ml de liquide protégés de la chaleur et de la lumière. Il permet une meilleure restitution des saveurs, avec un nettoyage simplifié dû au fait que le Pyrex ne s’imprègne pas des saveurs. Les résistances Dual Coil rendent le clearomizer encore plus performant avec un volume de vapeur plus important à tendance tiède voire chaude</p>
<p style=""text-align:justify;""><strong><span style=""text-decoration:underline;"">Contenu du kit :</span></strong></p>
<ul style=""text-align:justify;"">
<li>1 Batterie 850mah vision Vapros Spinner 2 mini (voltage variable de 3.3 à 4.8V)</li>
<li>1 Clearomiseur mini Spinner 2 X.Fir (resistance vision X.Fir)</li>
<li>1 Chargeur secteur et USB Vision</li>
<li>2 Résistances X.Fir dual coil 1,5 ohms supplémentaire</li>
<li>1 Manuel d'utilisation</li>
<li>Kit livré sans e-liquide</li>
</ul>
<p style=""text-align:justify;""><strong><span style=""text-decoration:underline;"">Caractéristiques techniques :</span></strong></p>
<p style=""text-align:justify;"">Batterie: </p>
<ul style=""text-align:justify;"">
<li>Longueur :104.5mm</li>
<li>Diamètre : 16.5mm</li>
<li>Capacité : 850mAh</li>
<li>Voltage : 3.3 à 4.8V</li>
</ul>
<p style=""text-align:justify;"">Clearomizer:</p>
<ul style=""text-align:justify;"">
<li>Longueur : 62.15mm</li>
<li>Diamètre : 16.5mm</li>
<li>Capacité : 2ml</li>
<li>Fabricant : Vision</li>
</ul>","<p class=""p1"" style=""text-align:justify;""><span>Vapoteurs débutants et confirmés seront séduits par ce produit.</span></p>",0.000000,1,FR Taux standard (20%),Not Visible Individually,10.000000,10.080000,04/07/2024,,kit-mini-spinner-2-vapros-vision-marron-20ml,KIT Mini Spinner 2 VAPROS - Vision,,,/3/4/343_24_14.jpg,,/3/4/343_24_14.jpg,,/3/4/343_24_14.jpg,,/3/4/343_24_14.jpg,,04/07/2024 11:58,04/07/2024 11:58,,,Product Info Column,,,,No,,,,,,,Use config,,1000.0000,0.0000,1,0,0,1,1.0000,1,10000.0000,1,1,1.0000,1,1,0,0,0.0000,1,0,0,0,,,,,,,/3/4/343_24_14.jpg,,,,"advanced_is_featured=No,advanced_is_new=No,advanced_is_trending=No,contenance=20ml,cost=18.900000,nc_couleur=Marron,offre_semaine=No,only_display_product_page=No","#REF24-1,#REF24-1","kit-mini-spinner-2-vapros-vision,kit-mini-spinner-2-vapros-vision",No,No,No,,,20ml,18.900000,,,,,,,,,,,Eleaf,,,,Marron,,,,,,,,,,,,No,No,,,,,,,,,,,,,,,,,,,,,,,,
#REF24-1-Marron-50ml,,Machines,virtual,Default Category/Matériel;Default Category/Produits désactivés,base,KIT Mini Spinner 2 VAPROS - Vision-Marron-50ml,"<p style=""text-align:justify;"">Le design n’a pas été mis de côté, s’agissant de la batterie, son revêtement bi-texturé d’une finition remarquable, qui laisse apparaitre discrètement le logo de la marque, la rend plu moderne et permet une bonne prise en main. Quant au clearomizer, stylisé de la même façon que la batterie, il s’y intègre très bien pour un setup flush !<br />La batterie Vision Spinner II Mini est manuelle et à voltage variable – 4 positions. Grâce à la variation du voltage, vous pourrez choisir la puissance de la batterie (de 3.3 à 4.8 v) et donc le mode de vape qui vous convient. Le réglage influera sur la quantité de vapeur produite de même que sur le hit que vous inhalerez. Cette cigarette électronique s’adapte donc à tous les goûts pour attirer le plus grand nombre de vapoteurs et vapoteuses.<br />Un autre avantage de cette batterie, elle possède une connectique compatible 510 et eGo ce qui vous permettra de créer le setup – montage, de votre choix. Pratique, le bouton d’allumage, très discret, change de couleur pour indiquer le niveau de charge restant de la batterie et clignote 15 fois lorsqu’elle doit être rechargée. Petite mais puissante, elle dispose d’une autonomie de 7 à 8 heures environ.<br />Le clearomiseur Mini Spinner 2 est ce qui se fait de mieux sur le marché actuellement. Son système Bottom Coil Changeable, avec résistance changeable en bas à la base du clearo lui permet d’être toujours alimenté en e-liquide. Son réservoir en Pyrex peut contenir 2ml de liquide protégés de la chaleur et de la lumière. Il permet une meilleure restitution des saveurs, avec un nettoyage simplifié dû au fait que le Pyrex ne s’imprègne pas des saveurs. Les résistances Dual Coil rendent le clearomizer encore plus performant avec un volume de vapeur plus important à tendance tiède voire chaude</p>
<p style=""text-align:justify;""><strong><span style=""text-decoration:underline;"">Contenu du kit :</span></strong></p>
<ul style=""text-align:justify;"">
<li>1 Batterie 850mah vision Vapros Spinner 2 mini (voltage variable de 3.3 à 4.8V)</li>
<li>1 Clearomiseur mini Spinner 2 X.Fir (resistance vision X.Fir)</li>
<li>1 Chargeur secteur et USB Vision</li>
<li>2 Résistances X.Fir dual coil 1,5 ohms supplémentaire</li>
<li>1 Manuel d'utilisation</li>
<li>Kit livré sans e-liquide</li>
</ul>
<p style=""text-align:justify;""><strong><span style=""text-decoration:underline;"">Caractéristiques techniques :</span></strong></p>
<p style=""text-align:justify;"">Batterie: </p>
<ul style=""text-align:justify;"">
<li>Longueur :104.5mm</li>
<li>Diamètre : 16.5mm</li>
<li>Capacité : 850mAh</li>
<li>Voltage : 3.3 à 4.8V</li>
</ul>
<p style=""text-align:justify;"">Clearomizer:</p>
<ul style=""text-align:justify;"">
<li>Longueur : 62.15mm</li>
<li>Diamètre : 16.5mm</li>
<li>Capacité : 2ml</li>
<li>Fabricant : Vision</li>
</ul>","<p class=""p1"" style=""text-align:justify;""><span>Vapoteurs débutants et confirmés seront séduits par ce produit.</span></p>",0.000000,1,FR Taux standard (20%),Not Visible Individually,10.000000,10.080000,04/07/2024,,kit-mini-spinner-2-vapros-vision-marron-50ml,KIT Mini Spinner 2 VAPROS - Vision,,,/3/4/343_24_15.jpg,,/3/4/343_24_15.jpg,,/3/4/343_24_15.jpg,,/3/4/343_24_15.jpg,,04/07/2024 11:58,04/07/2024 11:58,,,Product Info Column,,,,No,,,,,,,Use config,,1000.0000,0.0000,1,0,0,1,1.0000,1,10000.0000,1,1,1.0000,1,1,0,0,0.0000,1,0,0,0,,,,,,,/3/4/343_24_15.jpg,,,,"advanced_is_featured=No,advanced_is_new=No,advanced_is_trending=No,contenance=50ml,cost=18.900000,nc_couleur=Marron,offre_semaine=No,only_display_product_page=No","#REF24-1,#REF24-1","kit-mini-spinner-2-vapros-vision,kit-mini-spinner-2-vapros-vision",No,No,No,,,50ml,18.900000,,,,,,,,,,,Eleaf,,,,Marron,,,,,,,,,,,,No,No,,,,,,,,,,,,,,,,,,,,,,,,
#REF24-1-Blanc-10ml,,Machines,virtual,Default Category/Matériel;Default Category/Produits désactivés,base,KIT Mini Spinner 2 VAPROS - Vision-Blanc-10ml,"<p style=""text-align:justify;"">Le design n’a pas été mis de côté, s’agissant de la batterie, son revêtement bi-texturé d’une finition remarquable, qui laisse apparaitre discrètement le logo de la marque, la rend plu moderne et permet une bonne prise en main. Quant au clearomizer, stylisé de la même façon que la batterie, il s’y intègre très bien pour un setup flush !<br />La batterie Vision Spinner II Mini est manuelle et à voltage variable – 4 positions. Grâce à la variation du voltage, vous pourrez choisir la puissance de la batterie (de 3.3 à 4.8 v) et donc le mode de vape qui vous convient. Le réglage influera sur la quantité de vapeur produite de même que sur le hit que vous inhalerez. Cette cigarette électronique s’adapte donc à tous les goûts pour attirer le plus grand nombre de vapoteurs et vapoteuses.<br />Un autre avantage de cette batterie, elle possède une connectique compatible 510 et eGo ce qui vous permettra de créer le setup – montage, de votre choix. Pratique, le bouton d’allumage, très discret, change de couleur pour indiquer le niveau de charge restant de la batterie et clignote 15 fois lorsqu’elle doit être rechargée. Petite mais puissante, elle dispose d’une autonomie de 7 à 8 heures environ.<br />Le clearomiseur Mini Spinner 2 est ce qui se fait de mieux sur le marché actuellement. Son système Bottom Coil Changeable, avec résistance changeable en bas à la base du clearo lui permet d’être toujours alimenté en e-liquide. Son réservoir en Pyrex peut contenir 2ml de liquide protégés de la chaleur et de la lumière. Il permet une meilleure restitution des saveurs, avec un nettoyage simplifié dû au fait que le Pyrex ne s’imprègne pas des saveurs. Les résistances Dual Coil rendent le clearomizer encore plus performant avec un volume de vapeur plus important à tendance tiède voire chaude</p>
<p style=""text-align:justify;""><strong><span style=""text-decoration:underline;"">Contenu du kit :</span></strong></p>
<ul style=""text-align:justify;"">
<li>1 Batterie 850mah vision Vapros Spinner 2 mini (voltage variable de 3.3 à 4.8V)</li>
<li>1 Clearomiseur mini Spinner 2 X.Fir (resistance vision X.Fir)</li>
<li>1 Chargeur secteur et USB Vision</li>
<li>2 Résistances X.Fir dual coil 1,5 ohms supplémentaire</li>
<li>1 Manuel d'utilisation</li>
<li>Kit livré sans e-liquide</li>
</ul>
<p style=""text-align:justify;""><strong><span style=""text-decoration:underline;"">Caractéristiques techniques :</span></strong></p>
<p style=""text-align:justify;"">Batterie: </p>
<ul style=""text-align:justify;"">
<li>Longueur :104.5mm</li>
<li>Diamètre : 16.5mm</li>
<li>Capacité : 850mAh</li>
<li>Voltage : 3.3 à 4.8V</li>
</ul>
<p style=""text-align:justify;"">Clearomizer:</p>
<ul style=""text-align:justify;"">
<li>Longueur : 62.15mm</li>
<li>Diamètre : 16.5mm</li>
<li>Capacité : 2ml</li>
<li>Fabricant : Vision</li>
</ul>","<p class=""p1"" style=""text-align:justify;""><span>Vapoteurs débutants et confirmés seront séduits par ce produit.</span></p>",0.000000,1,FR Taux standard (20%),Not Visible Individually,10.000000,10.080000,04/07/2024,,kit-mini-spinner-2-vapros-vision-blanc-10ml,KIT Mini Spinner 2 VAPROS - Vision,,,/3/4/343_24_16.jpg,,/3/4/343_24_16.jpg,,/3/4/343_24_16.jpg,,/3/4/343_24_16.jpg,,04/07/2024 11:58,04/07/2024 11:58,,,Product Info Column,,,,No,,,,,,,Use config,,1000.0000,0.0000,1,0,0,1,1.0000,1,10000.0000,1,1,1.0000,1,1,0,0,0.0000,1,0,0,0,,,,,,,/3/4/343_24_16.jpg,,,,"advanced_is_featured=No,advanced_is_new=No,advanced_is_trending=No,contenance=10ml,cost=18.900000,nc_couleur=Blanc,offre_semaine=No,only_display_product_page=No","#REF24-1,#REF24-1","kit-mini-spinner-2-vapros-vision,kit-mini-spinner-2-vapros-vision",No,No,No,,,10ml,18.900000,,,,,,,,,,,Eleaf,,,,Blanc,,,,,,,,,,,,No,No,,,,,,,,,,,,,,,,,,,,,,,,
#REF24-1-Blanc-20ml,,Machines,virtual,Default Category/Matériel;Default Category/Produits désactivés,base,KIT Mini Spinner 2 VAPROS - Vision-Blanc-20ml,"<p style=""text-align:justify;"">Le design n’a pas été mis de côté, s’agissant de la batterie, son revêtement bi-texturé d’une finition remarquable, qui laisse apparaitre discrètement le logo de la marque, la rend plu moderne et permet une bonne prise en main. Quant au clearomizer, stylisé de la même façon que la batterie, il s’y intègre très bien pour un setup flush !<br />La batterie Vision Spinner II Mini est manuelle et à voltage variable – 4 positions. Grâce à la variation du voltage, vous pourrez choisir la puissance de la batterie (de 3.3 à 4.8 v) et donc le mode de vape qui vous convient. Le réglage influera sur la quantité de vapeur produite de même que sur le hit que vous inhalerez. Cette cigarette électronique s’adapte donc à tous les goûts pour attirer le plus grand nombre de vapoteurs et vapoteuses.<br />Un autre avantage de cette batterie, elle possède une connectique compatible 510 et eGo ce qui vous permettra de créer le setup – montage, de votre choix. Pratique, le bouton d’allumage, très discret, change de couleur pour indiquer le niveau de charge restant de la batterie et clignote 15 fois lorsqu’elle doit être rechargée. Petite mais puissante, elle dispose d’une autonomie de 7 à 8 heures environ.<br />Le clearomiseur Mini Spinner 2 est ce qui se fait de mieux sur le marché actuellement. Son système Bottom Coil Changeable, avec résistance changeable en bas à la base du clearo lui permet d’être toujours alimenté en e-liquide. Son réservoir en Pyrex peut contenir 2ml de liquide protégés de la chaleur et de la lumière. Il permet une meilleure restitution des saveurs, avec un nettoyage simplifié dû au fait que le Pyrex ne s’imprègne pas des saveurs. Les résistances Dual Coil rendent le clearomizer encore plus performant avec un volume de vapeur plus important à tendance tiède voire chaude</p>
<p style=""text-align:justify;""><strong><span style=""text-decoration:underline;"">Contenu du kit :</span></strong></p>
<ul style=""text-align:justify;"">
<li>1 Batterie 850mah vision Vapros Spinner 2 mini (voltage variable de 3.3 à 4.8V)</li>
<li>1 Clearomiseur mini Spinner 2 X.Fir (resistance vision X.Fir)</li>
<li>1 Chargeur secteur et USB Vision</li>
<li>2 Résistances X.Fir dual coil 1,5 ohms supplémentaire</li>
<li>1 Manuel d'utilisation</li>
<li>Kit livré sans e-liquide</li>
</ul>
<p style=""text-align:justify;""><strong><span style=""text-decoration:underline;"">Caractéristiques techniques :</span></strong></p>
<p style=""text-align:justify;"">Batterie: </p>
<ul style=""text-align:justify;"">
<li>Longueur :104.5mm</li>
<li>Diamètre : 16.5mm</li>
<li>Capacité : 850mAh</li>
<li>Voltage : 3.3 à 4.8V</li>
</ul>
<p style=""text-align:justify;"">Clearomizer:</p>
<ul style=""text-align:justify;"">
<li>Longueur : 62.15mm</li>
<li>Diamètre : 16.5mm</li>
<li>Capacité : 2ml</li>
<li>Fabricant : Vision</li>
</ul>","<p class=""p1"" style=""text-align:justify;""><span>Vapoteurs débutants et confirmés seront séduits par ce produit.</span></p>",0.000000,1,FR Taux standard (20%),Not Visible Individually,5.000000,10.080000,04/07/2024,,kit-mini-spinner-2-vapros-vision-blanc-20ml,KIT Mini Spinner 2 VAPROS - Vision,,,/3/4/343_24_17.jpg,,/3/4/343_24_17.jpg,,/3/4/343_24_17.jpg,,/3/4/343_24_17.jpg,,04/07/2024 11:58,04/07/2024 11:58,,,Product Info Column,,,,No,,,,,,,Use config,,1000.0000,0.0000,1,0,0,1,1.0000,1,10000.0000,1,1,1.0000,1,1,0,0,0.0000,1,0,0,0,,,,,,,/3/4/343_24_17.jpg,,,,"advanced_is_featured=No,advanced_is_new=No,advanced_is_trending=No,contenance=20ml,cost=18.900000,nc_couleur=Blanc,offre_semaine=No,only_display_product_page=No","#REF24-1,#REF24-1","kit-mini-spinner-2-vapros-vision,kit-mini-spinner-2-vapros-vision",No,No,No,,,20ml,18.900000,,,,,,,,,,,Eleaf,,,,Blanc,,,,,,,,,,,,No,No,,,,,,,,,,,,,,,,,,,,,,,,
#REF24-1-Blanc-50ml,,Machines,virtual,Default Category/Matériel;Default Category/Produits désactivés,base,KIT Mini Spinner 2 VAPROS - Vision-Blanc-50ml,"<p style=""text-align:justify;"">Le design n’a pas été mis de côté, s’agissant de la batterie, son revêtement bi-texturé d’une finition remarquable, qui laisse apparaitre discrètement le logo de la marque, la rend plu moderne et permet une bonne prise en main. Quant au clearomizer, stylisé de la même façon que la batterie, il s’y intègre très bien pour un setup flush !<br />La batterie Vision Spinner II Mini est manuelle et à voltage variable – 4 positions. Grâce à la variation du voltage, vous pourrez choisir la puissance de la batterie (de 3.3 à 4.8 v) et donc le mode de vape qui vous convient. Le réglage influera sur la quantité de vapeur produite de même que sur le hit que vous inhalerez. Cette cigarette électronique s’adapte donc à tous les goûts pour attirer le plus grand nombre de vapoteurs et vapoteuses.<br />Un autre avantage de cette batterie, elle possède une connectique compatible 510 et eGo ce qui vous permettra de créer le setup – montage, de votre choix. Pratique, le bouton d’allumage, très discret, change de couleur pour indiquer le niveau de charge restant de la batterie et clignote 15 fois lorsqu’elle doit être rechargée. Petite mais puissante, elle dispose d’une autonomie de 7 à 8 heures environ.<br />Le clearomiseur Mini Spinner 2 est ce qui se fait de mieux sur le marché actuellement. Son système Bottom Coil Changeable, avec résistance changeable en bas à la base du clearo lui permet d’être toujours alimenté en e-liquide. Son réservoir en Pyrex peut contenir 2ml de liquide protégés de la chaleur et de la lumière. Il permet une meilleure restitution des saveurs, avec un nettoyage simplifié dû au fait que le Pyrex ne s’imprègne pas des saveurs. Les résistances Dual Coil rendent le clearomizer encore plus performant avec un volume de vapeur plus important à tendance tiède voire chaude</p>
<p style=""text-align:justify;""><strong><span style=""text-decoration:underline;"">Contenu du kit :</span></strong></p>
<ul style=""text-align:justify;"">
<li>1 Batterie 850mah vision Vapros Spinner 2 mini (voltage variable de 3.3 à 4.8V)</li>
<li>1 Clearomiseur mini Spinner 2 X.Fir (resistance vision X.Fir)</li>
<li>1 Chargeur secteur et USB Vision</li>
<li>2 Résistances X.Fir dual coil 1,5 ohms supplémentaire</li>
<li>1 Manuel d'utilisation</li>
<li>Kit livré sans e-liquide</li>
</ul>
<p style=""text-align:justify;""><strong><span style=""text-decoration:underline;"">Caractéristiques techniques :</span></strong></p>
<p style=""text-align:justify;"">Batterie: </p>
<ul style=""text-align:justify;"">
<li>Longueur :104.5mm</li>
<li>Diamètre : 16.5mm</li>
<li>Capacité : 850mAh</li>
<li>Voltage : 3.3 à 4.8V</li>
</ul>
<p style=""text-align:justify;"">Clearomizer:</p>
<ul style=""text-align:justify;"">
<li>Longueur : 62.15mm</li>
<li>Diamètre : 16.5mm</li>
<li>Capacité : 2ml</li>
<li>Fabricant : Vision</li>
</ul>","<p class=""p1"" style=""text-align:justify;""><span>Vapoteurs débutants et confirmés seront séduits par ce produit.</span></p>",0.000000,1,FR Taux standard (20%),Not Visible Individually,10.000000,10.080000,04/07/2024,,kit-mini-spinner-2-vapros-vision-blanc-50ml,KIT Mini Spinner 2 VAPROS - Vision,,,/3/4/343_24_18.jpg,,/3/4/343_24_18.jpg,,/3/4/343_24_18.jpg,,/3/4/343_24_18.jpg,,04/07/2024 11:58,04/07/2024 11:58,,,Product Info Column,,,,No,,,,,,,Use config,,1000.0000,0.0000,1,0,0,1,1.0000,1,10000.0000,1,1,1.0000,1,1,0,0,0.0000,1,0,0,0,,,,,,,/3/4/343_24_18.jpg,,,,"advanced_is_featured=No,advanced_is_new=No,advanced_is_trending=No,contenance=50ml,cost=18.900000,nc_couleur=Blanc,offre_semaine=No,only_display_product_page=No","#REF24-1,#REF24-1","kit-mini-spinner-2-vapros-vision,kit-mini-spinner-2-vapros-vision",No,No,No,,,50ml,18.900000,,,,,,,,,,,Eleaf,,,,Blanc,,,,,,,,,,,,No,No,,,,,,,,,,,,,,,,,,,,,,,,
